date_observed,search_term,store,product_title,product_url,package_size_text,package_size,package_unit,displayed_price,unit_price_text,listed_unit_price,listed_unit,is_variable_weight,sale_status,sale_price,regular_price,multi_buy_quantity,multi_buy_unit_price,single_item_price,category,product_family,comparison_group,product_form,attributes,standardized_unit,price_per_standard_unit,data_quality_warning,normalization_error,availability,product_id,store_context,displayed_price_text,regular_price_text,regular_price_unit,promotion_text
2026-09-20,bread,Loblaws Canada,Classic White Bistro,https://www.loblaws.ca/en/classic-white-bistro/p/21616092_EA,595 g,595.0,g,5.5,$0.92/100g,0.92,100g,False,,,,,,,bakery,bread,artisan_bread,loaf,,100g,0.9243697478991596,,,,,,$5.50,,,
2026-09-20,bread,Loblaws Canada,Sourdough Bistro,https://www.loblaws.ca/en/sourdough-bistro/p/21616156_EA,595 g,595.0,g,5.5,$0.92/100g,0.92,100g,False,,,,,,,bakery,bread,artisan_bread,loaf,,100g,0.9243697478991596,,,,,,$5.50,,,
2026-09-20,bread,Metro Canada,Asiago Cheese Bread Loaf,https://www.metro.ca/en/online-grocery/aisles/bread-bakery-products/freshly-baked-bread-baguettes/fresh-loaves-breads/asiago-cheese-bread-loaf/p/247026,454 g,454.0,g,4.69,$1.03 /100 g,1.03,100g,False,,,,,,,bakery,bread,artisan_bread,loaf,,100g,1.0330396475770929,,,,,,$4.69 ea.,,,
2026-09-19,bread,No Frills Canada,Pane Rustico,https://www.nofrills.ca/en/pane-rustico/p/21616182_EA,700 g,700.0,g,5.0,$0.71/100g,0.71,100g,False,,,,,,,bakery,bread,artisan_bread,loaf,,100g,0.7142857142857143,,,,,,,,,
2026-09-19,bread,No Frills Canada,Classic White Bistro,https://www.nofrills.ca/en/classic-white-bistro/p/21616092_EA,595 g,595.0,g,5.0,$0.84/100g,0.84,100g,False,,,,,,,bakery,bread,artisan_bread,loaf,,100g,0.8403361344537815,,,,,,,,,
2026-09-19,bread,No Frills Canada,Sourdough Bistro,https://www.nofrills.ca/en/sourdough-bistro/p/21616156_EA,595 g,595.0,g,5.0,$0.84/100g,0.84,100g,False,,,,,,,bakery,bread,artisan_bread,loaf,,100g,0.8403361344537815,,,,,,,,,
2026-09-19,cheese,Food Basics Canada,Mild Marbled Cheddar Cheese,https://www.foodbasics.ca/aisles/dairy-eggs/packaged-cheese/cheese-blocks/mild-marbled-cheddar-cheese/p/059749969437,400 g,400.0,g,4.88,$1.22 /100g,1.22,100g,False,sale,4.88,5.99,,,,dairy,cheese,cheddar_cheese,unspecified,,100g,1.22,,,,,,,,,
2026-09-19,cheese,Food Basics Canada,Old Cheddar Cheese,https://www.foodbasics.ca/aisles/dairy-eggs/packaged-cheese/cheese-blocks/old-cheddar-cheese/p/059749969468,400 g,400.0,g,4.88,$1.22 /100g,1.22,100g,False,sale,4.88,5.99,,,,dairy,cheese,cheddar_cheese,unspecified,,100g,1.22,,,,,,,,,
2026-09-19,cheese,Food Basics Canada,Shredded Double Cheddar Cheese Blend,https://www.foodbasics.ca/aisles/dairy-eggs/packaged-cheese/shredded-cheese/shredded-double-cheddar-cheese-blend/p/059749949378,320 g,320.0,g,4.88,$1.53 /100g,1.53,100g,False,sale,4.88,5.79,,,,dairy,cheese,cheddar_cheese,shredded,,100g,1.525,,,,,,,,,
2026-09-19,cheese,Food Basics Canada,Marble Cheddar Cheese,https://www.foodbasics.ca/aisles/dairy-eggs/packaged-cheese/cheese-blocks/marble-cheddar-cheese/p/068200885117,400 g,400.0,g,7.99,$2.00 /100g,2.0,100g,False,,,,,,,dairy,cheese,cheddar_cheese,unspecified,,100g,1.9975,,,,,,,,,
2026-09-19,cheese,Food Basics Canada,Old Orange Cheddar Cheese,https://www.foodbasics.ca/aisles/dairy-eggs/packaged-cheese/cheese-blocks/old-orange-cheddar-cheese/p/068200885513,400 g,400.0,g,7.99,$2.00 /100g,2.0,100g,False,,,,,,,dairy,cheese,cheddar_cheese,unspecified,,100g,1.9975,,,,,,,,,
2026-09-20,cheese,Loblaws Canada,Marble Cheddar Cheese Bar,https://www.loblaws.ca/en/marble-cheddar-cheese-bar/p/21279221_EA,400 g,400.0,g,7.49,$1.87/100g,1.87,100g,False,,,,,,,dairy,cheese,cheddar_cheese,block,,100g,1.8725000000000005,,,,,,$7.49,,,
2026-09-20,cheese,Loblaws Canada,Old Cheddar Cheese Bar,https://www.loblaws.ca/en/old-cheddar-cheese-bar/p/21208649_EA,400 g,400.0,g,7.49,$1.87/100g,1.87,100g,False,,,,,,,dairy,cheese,cheddar_cheese,block,,100g,1.8725000000000005,,,,,,$7.49,,,
2026-09-20,cheese,Loblaws Canada,Triple Cheddar Shredded Cheese Blend,https://www.loblaws.ca/en/triple-cheddar-shredded-cheese-blend/p/21060183_EA,320 g,320.0,g,6.79,$2.12/100g,2.12,100g,False,,,,,,,dairy,cheese,cheddar_cheese,shredded,,100g,2.121875,,,,,,$6.79,,,
2026-09-20,cheese,Metro Canada,Extra Old White Cheddar Cheese,https://www.metro.ca/en/online-grocery/aisles/dairy-eggs/packaged-cheese/cheese-blocks/extra-old-white-cheddar-cheese/p/059749942645,400 g,400.0,g,4.99,$1.25 /100 g,1.25,100g,False,sale,4.99,5.99,,,,dairy,cheese,cheddar_cheese,unspecified,,100g,1.2475,,,,,,$4.99 ea.,Regular price $5.99 ea.,,
2026-09-20,cheese,Metro Canada,Mild Marbled Cheddar Cheese,https://www.metro.ca/en/online-grocery/aisles/dairy-eggs/packaged-cheese/cheese-blocks/mild-marbled-cheddar-cheese/p/059749969437,400 g,400.0,g,4.99,$1.25 /100 g,1.25,100g,False,sale,4.99,5.99,,,,dairy,cheese,cheddar_cheese,unspecified,,100g,1.2475,,,,,,$4.99 ea.,Regular price $5.99 ea.,,
2026-09-20,cheese,Metro Canada,Old Cheddar Cheese,https://www.metro.ca/en/online-grocery/aisles/dairy-eggs/packaged-cheese/cheese-blocks/old-cheddar-cheese/p/059749969468,400 g,400.0,g,4.99,$1.25 /100 g,1.25,100g,False,sale,4.99,5.99,,,,dairy,cheese,cheddar_cheese,unspecified,,100g,1.2475,,,,,,$4.99 ea.,Regular price $5.99 ea.,,
2026-09-20,cheese,Metro Canada,Shredded Double Cheddar Cheese Blend,https://www.metro.ca/en/online-grocery/aisles/dairy-eggs/packaged-cheese/shredded-cheese/shredded-double-cheddar-cheese-blend/p/059749949378,320 g,320.0,g,4.99,$1.56 /100 g,1.56,100g,False,sale,4.99,5.99,,,,dairy,cheese,cheddar_cheese,shredded,,100g,1.559375,,,,,,$4.99 ea.,Regular price $5.99 ea.,,
2026-09-20,cheese,Metro Canada,Extra Old White Cheddar Cheese,https://www.metro.ca/en/online-grocery/aisles/dairy-eggs/packaged-cheese/cheese-blocks/extra-old-white-cheddar-cheese/p/068200885230,400 g,400.0,g,7.99,$2.00 /100 g,2.0,100g,False,,,,,,,dairy,cheese,cheddar_cheese,unspecified,,100g,1.9975,,,,,,$7.99 ea.,,,
2026-09-20,cheese,Metro Canada,Marble Cheddar Cheese,https://www.metro.ca/en/online-grocery/aisles/dairy-eggs/packaged-cheese/cheese-blocks/marble-cheddar-cheese/p/068200885117,400 g,400.0,g,7.99,$2.00 /100 g,2.0,100g,False,,,,,,,dairy,cheese,cheddar_cheese,unspecified,,100g,1.9975,,,,,,$7.99 ea.,,,
2026-09-20,cheese,Metro Canada,Medium Cheddar Cheese,https://www.metro.ca/en/online-grocery/aisles/dairy-eggs/packaged-cheese/cheese-blocks/medium-cheddar-cheese/p/068200885476,400 g,400.0,g,7.99,$2.00 /100 g,2.0,100g,False,,,,,,,dairy,cheese,cheddar_cheese,unspecified,,100g,1.9975,,,,,,$7.99 ea.,,,
2026-09-20,cheese,Metro Canada,Old Orange Cheddar Cheese,https://www.metro.ca/en/online-grocery/aisles/dairy-eggs/packaged-cheese/cheese-blocks/old-orange-cheddar-cheese/p/068200885513,400 g,400.0,g,7.99,$2.00 /100 g,2.0,100g,False,,,,,,,dairy,cheese,cheddar_cheese,unspecified,,100g,1.9975,,,,,,$7.99 ea.,,,
2026-09-20,cheese,Metro Canada,Mild Marble Cheddar Cheese Slices,https://www.metro.ca/en/online-grocery/aisles/dairy-eggs/packaged-cheese/sliced-cheese/mild-marble-cheddar-cheese-slices/p/059749951227,230 g,230.0,g,4.99,$2.17 /100 g,2.17,100g,False,,,,,,,dairy,cheese,cheddar_cheese,sliced,,100g,2.1695652173913045,,,,,,$4.99 ea.,,,
2026-09-19,cheese,No Frills Canada,Old Cheddar Cheese,https://www.nofrills.ca/en/old-cheddar-cheese/p/20975873_EA,700 g,700.0,g,10.0,$1.43/100g,1.43,100g,False,,,,,,,dairy,cheese,cheddar_cheese,unspecified,,100g,1.4285714285714286,,,,,,,,,
2026-09-19,cheese,No Frills Canada,Triple Cheddar Shredded Cheese Blend,https://www.nofrills.ca/en/triple-cheddar-shredded-cheese-blend/p/21060183_EA,320 g,320.0,g,4.99,$1.56/100g,1.56,100g,False,SALE,4.99,6.0,,,,dairy,cheese,cheddar_cheese,shredded,,100g,1.559375,,,,,,,,,
2026-09-20,cheese,Sobeys Canada,Cracker Barrel Signature Block Cheese Smoked Cheddar 340 g,https://www.sobeys.com/products/cracker-barrel-signature-block-cheese-smoked-cheddar-340-g,340 G ($2.06 per 100g),340.0,g,6.99,$2.06 per 100g,2.06,100g,False,sale,6.99,8.99,,,,dairy,cheese,cheddar_cheese,block,,100g,2.0558823529411763,,,in_stock,11162.0,"Sobeys Urban Fresh Spadina — 22 Fort York Boulevard, Toronto, ON M5V 3Z2","$6.99
$8.99
SAVE
$2.00",,,
2026-09-18,cheese,Walmart Canada,Black Diamond Original Cheddar Cheese Slices,https://www.walmart.ca/en/ip/black-diamond-original-cheddar-cheese-slices/6000201085804,,,,3.47,85¢/100g,0.85,100g,False,Rollback,3.47,3.97,,,,dairy,cheese,cheddar_cheese,sliced,,100g,0.85,,,,,,,,,
2026-09-18,cheese,Walmart Canada,Armstrong Marble Cheddar Cheese,https://www.walmart.ca/en/ip/armstrong-marble-cheddar-cheese/6000202303820,,,,4.98,$1.25/100g,1.25,100g,False,Rollback,4.98,7.96,,,,dairy,cheese,cheddar_cheese,unspecified,,100g,1.25,,,,,,,,,
2026-09-18,cheese,Walmart Canada,Armstrong Old Cheddar Cheese,https://www.walmart.ca/en/ip/armstrong-old-cheddar-cheese/6000202304645,,,,4.98,$1.25/100g,1.25,100g,False,Rollback,4.98,7.96,,,,dairy,cheese,cheddar_cheese,unspecified,,100g,1.25,,,,,,,,,
2026-09-18,cheese,Walmart Canada,Great Value Marble Cheddar Cheese,https://www.walmart.ca/en/ip/great-value-marble-cheddar-cheese/6000208884276,,,,5.48,$1.37/100g,1.37,100g,False,,,,,,,dairy,cheese,cheddar_cheese,unspecified,,100g,1.37,,,,,,,,,
2026-09-18,cheese,Walmart Canada,"Black Diamond Marble Cheddar Cheese Bar, 400g",https://www.walmart.ca/en/ip/black-diamond-marble-cheddar-cheese-bar-400g/6000201233924,400g,400.0,g,5.98,$1.50/100g,1.5,100g,False,,,,,,,dairy,cheese,cheddar_cheese,block,,100g,1.495,,,,,,,,,
2026-09-18,cheese,Walmart Canada,Great Value Double Cheddar Shredded Cheese,https://www.walmart.ca/en/ip/great-value-double-cheddar-shredded-cheese/6000208884139,,,,4.98,$1.56/100g,1.56,100g,False,,,,,,,dairy,cheese,cheddar_cheese,shredded,,100g,1.56,,,,,,,,,
2026-09-19,cheese,Food Basics Canada,"Goat's Milk Cheese, Artisan",https://www.foodbasics.ca/aisles/dairy-eggs/deli-cheese/goat-sheep/goat-s-milk-cheese/p/059749931861,250 g,250.0,g,9.49,$3.80 /100g,3.8,100g,False,,,,,,,dairy,cheese,cheese_unspecified_type,unspecified,,100g,3.796,,,,,,,,,
2026-09-20,cheese,Loblaws Canada,Gouda Taste Cheese Snacks 6P,https://www.loblaws.ca/en/gouda-taste-cheese-snacks-6p/p/21542431_EA,120 g,120.0,g,5.0,$4.17/100g,4.17,100g,False,SALE,5.0,6.49,,,,dairy,cheese,cheese_unspecified_type,unspecified,,100g,4.166666666666666,,,,,,$5.00,,,SAVE $1.49
2026-09-20,bread,Loblaws Canada,Original Cheese Snacks 6P,https://www.loblaws.ca/en/original-cheese-snacks-6p/p/20574332_EA,120 g,120.0,g,5.0,$4.17/100g,4.17,100g,False,SALE,5.0,6.49,,,,dairy,cheese,cheese_unspecified_type,unspecified,,100g,4.166666666666666,,,,,,$5.00,,,SAVE $1.49
2026-09-20,cheese,Metro Canada,"Shredded Three Cheese Blend, Tex Mex",https://www.metro.ca/en/online-grocery/aisles/dairy-eggs/packaged-cheese/shredded-cheese/shredded-three-cheese-blend/p/059749949330,320 g,320.0,g,4.99,$1.56 /100 g,1.56,100g,False,sale,4.99,5.99,,,,dairy,cheese,cheese_unspecified_type,shredded,,100g,1.559375,,,,,,$4.99 ea.,Regular price $5.99 ea.,,
2026-09-19,bread,No Frills Canada,Italiano Natural Shredded Cheese,https://www.nofrills.ca/en/italiano-natural-shredded-cheese/p/21603918_EA,320 g,320.0,g,4.99,$1.56/100g,1.56,100g,False,SALE,4.99,6.0,,,,dairy,cheese,cheese_unspecified_type,shredded,,100g,1.559375,,,,,,,,,
2026-09-19,cheese,No Frills Canada,Nibblers Original Natural Cheese Snacks,https://www.nofrills.ca/en/nibblers-original-natural-cheese-snacks/p/21539032_EA,200 g,200.0,g,5.0,$2.50/100g,2.5,100g,False,,,,,,,dairy,cheese,cheese_unspecified_type,unspecified,,100g,2.5,,,,,,,,,
2026-09-20,cheese,Sobeys Canada,Castello Havarti Cheese Creamy 425 g,https://www.sobeys.com/products/castello-havarti-cheese-creamy-425-g,425 G ($2.82 per 100g),425.0,g,11.99,$2.82 per 100g,2.82,100g,False,sale,11.99,15.49,,,,dairy,cheese,cheese_unspecified_type,unspecified,,100g,2.8211764705882354,,,in_stock,1298994.0,"Sobeys Urban Fresh Spadina — 22 Fort York Boulevard, Toronto, ON M5V 3Z2","$11.99
$15.49
SAVE
$3.50",,,
2026-09-20,cheese,Sobeys Canada,Tre Stelle Feta Cheese 850 g,https://www.sobeys.com/products/tre-stelle-feta-cheese-850-g,850 G ($2.82 per 100g),850.0,g,23.99,$2.82 per 100g,2.82,100g,False,,,,,,,dairy,cheese,cheese_unspecified_type,unspecified,,100g,2.8223529411764705,,,in_stock,1299711.0,"Sobeys Urban Fresh Spadina — 22 Fort York Boulevard, Toronto, ON M5V 3Z2",$23.99,,,
2026-09-20,cheese,Sobeys Canada,Castello Cheese Havarti Herb Spice 4.2 kg,https://www.sobeys.com/products/castello-cheese-havarti-herb-spice-4%2E2-kg,0.15 KG ($3.29 per 100g),,,32.9,$32.90/kg,32.9,kg,True,,,,,,,dairy,cheese,cheese_unspecified_type,unspecified,,100g,3.29,,,in_stock,175513.0,"Sobeys Urban Fresh Spadina — 22 Fort York Boulevard, Toronto, ON M5V 3Z2",$32.90/kg,,,
2026-09-20,cheese,Sobeys Canada,Compliments Soft Fresh Cheese Bocconcini Cocktail 200 g,https://www.sobeys.com/products/compliments-soft-fresh-cheese-bocconcini-cocktail-200-g,200 G ($3.65 per 100g),200.0,g,7.29,$3.65 per 100g,3.65,100g,False,,,,,,,dairy,cheese,cheese_unspecified_type,unspecified,,100g,3.645000000000001,,,in_stock,1331582.0,"Sobeys Urban Fresh Spadina — 22 Fort York Boulevard, Toronto, ON M5V 3Z2",$7.29,,,
2026-09-20,cheese,Sobeys Canada,Agropur Signature Brie Cheese Triple Cream Chevalier,https://www.sobeys.com/products/agropur-signature-brie-cheese-triple-cream-chevalier-,0.16 KG ($3.99 per 100g),,,39.9,$39.90/kg,39.9,kg,True,sale,39.9,,,,,dairy,cheese,cheese_unspecified_type,unspecified,,100g,3.99,,,in_stock,1002505.0,"Sobeys Urban Fresh Spadina — 22 Fort York Boulevard, Toronto, ON M5V 3Z2",$39.90/kg,,,
2026-09-20,cheese,Sobeys Canada,Compliments Brie Cheese Double Cream,https://www.sobeys.com/products/compliments-brie-cheese-double-cream-,0.21 KG ($3.99 per 100g),,,39.9,$39.90/kg,39.9,kg,True,,,,,,,dairy,cheese,cheese_unspecified_type,unspecified,,100g,3.99,,,in_stock,732748.0,"Sobeys Urban Fresh Spadina — 22 Fort York Boulevard, Toronto, ON M5V 3Z2",$39.90/kg,,,
2026-09-20,cheese,Sobeys Canada,Castello Traditional Blue Cheese Wheel,https://www.sobeys.com/products/castello-traditional-blue-cheese-wheel,0.14 KG ($4.69 per 100g),,,46.9,$46.90/kg,46.9,kg,True,,,,,,,dairy,cheese,cheese_unspecified_type,unspecified,,100g,4.6899999999999995,,,in_stock,296369.0,"Sobeys Urban Fresh Spadina — 22 Fort York Boulevard, Toronto, ON M5V 3Z2",$46.90/kg,,,
2026-09-20,cheese,Sobeys Canada,L'Extra Double Cream Brie Cheese,https://www.sobeys.com/products/l-extra-double-cream-brie-cheese,0.18 KG ($5.29 per 100g),,,52.9,$52.90/kg,52.9,kg,True,,,,,,,dairy,cheese,cheese_unspecified_type,unspecified,,100g,5.289999999999999,,,in_stock,1000145.0,"Sobeys Urban Fresh Spadina — 22 Fort York Boulevard, Toronto, ON M5V 3Z2",$52.90/kg,,,
2026-09-20,cheese,Sobeys Canada,Jarlsberg Cheese,https://www.sobeys.com/products/jarlsberg-cheese,0.2 KG ($6.49 per 100g),,,64.9,$64.90/kg,64.9,kg,True,,,,,,,dairy,cheese,cheese_unspecified_type,unspecified,,100g,6.49,,,in_stock,784432.0,"Sobeys Urban Fresh Spadina — 22 Fort York Boulevard, Toronto, ON M5V 3Z2",$64.90/kg,,,
2026-09-19,chicken breast,Food Basics Canada,"Skinless Half Chicken Breast without Back, Value Pack",https://www.foodbasics.ca/aisles/meat-poultry/chicken-turkey/breasts/skinless-half-chicken-breast-without-back/p/215579,,,,21.47,$14.31 /kg$6.49 /lb.,14.31,kg,True,,,,,,,meat,chicken_breast,chicken_breast,whole,skinless,100g,1.431,,,,,,,,,
2026-09-20,chicken breast,Loblaws Canada,Extra Lean Chicken Breast Fillets,https://www.loblaws.ca/en/extra-lean-chicken-breast-fillets/p/21341048_EA,1 ea,1.0,count,12.0,$12.00/1ea,12.0,1unit,False,,,,,,,meat,chicken_breast,chicken_breast,fillet,,1unit,,,"Incompatible comparison unit for chicken_breast: expected 100g, found 1unit.",,,,$12.00,,,
2026-09-20,chicken breast,Metro Canada,Chicken Breast Fillet,https://www.metro.ca/en/online-grocery/aisles/meat-poultry/chicken-turkey/breasts/chicken-breast-fillet/p/215586,,,,4.61,$15.41 / kg $6.99 / lb.,15.41,kg,True,sale,4.61,24.23,,,,meat,chicken_breast,chicken_breast,fillet,,100g,1.541,,,,,,$4.61 avg. ea.,Regular price $24.23 / kg $10.99 / lb.,kg,
2026-09-20,chicken breast,Metro Canada,Chicken Breast Without Back,https://www.metro.ca/en/online-grocery/aisles/meat-poultry/chicken-turkey/breasts/chicken-breast-without-back/p/206009,3 to 4 units per tray,,,15.41,$15.41 / kg $6.99 / lb.,15.41,kg,True,,,,,,,meat,chicken_breast,chicken_breast,whole,,100g,1.541,,,,,,$15.41 avg. ea.,,,
2026-09-20,chicken breast,Metro Canada,Skinless Chicken Breast Without Back,https://www.metro.ca/en/online-grocery/aisles/meat-poultry/chicken-turkey/breasts/skinless-chicken-breast-without-back/p/206152,1 per tray,,,11.45,$17.61 / kg $7.99 / lb.,17.61,kg,True,,,,,,,meat,chicken_breast,chicken_breast,whole,skinless,100g,1.761,,,,,,$11.45 avg. ea.,,,
2026-09-19,chicken breast,No Frills Canada,Chicken Breasts,https://www.nofrills.ca/en/chicken-breasts/p/21741388_EA,800 g,800.0,g,15.0,$1.88/100g,1.88,100g,False,,,,,,,meat,chicken_breast,chicken_breast,whole,,100g,1.875,,,,,,,,,
2026-09-20,chicken breast,Metro Canada,Bone-in Chicken Breasts,https://www.metro.ca/en/online-grocery/aisles/meat-poultry/chicken-turkey/breasts/bone-in-chicken-breasts/p/245113,3 per tray,,,18.16,$16.51 / kg $7.49 / lb.,16.51,kg,True,,,,,,,meat,chicken_breast,chicken_breast_bone_in,whole,bone_in,100g,1.651,,,,,,$18.16 avg. ea.,,,
2026-09-19,chicken breast,Food Basics Canada,Boneless and Skinless Chicken Breast,https://www.foodbasics.ca/aisles/meat-poultry/chicken-turkey/breasts/boneless-and-skinless-chicken-breast/p/234960,900 g,900.0,g,14.0,$1.56 /100g,1.56,100g,False,,,,,,,meat,chicken_breast,chicken_breast_boneless,whole,boneless|skinless,100g,1.5555555555555556,,,,,,,,,
2026-09-19,chicken breast,Food Basics Canada,"Boneless Skinless Chicken Breast, Value Pack",https://www.foodbasics.ca/aisles/meat-poultry/chicken-turkey/breasts/boneless-skinless-chicken-breast/p/216154,,,,18.16,$16.51 /kg$7.49 /lb.,16.51,kg,True,,,,,,,meat,chicken_breast,chicken_breast_boneless,whole,boneless|skinless,100g,1.651,,,,,,,,,
2026-09-19,chicken breast,Food Basics Canada,Boneless Skinless Chicken Breasts,https://www.foodbasics.ca/aisles/meat-poultry/chicken-turkey/breasts/boneless-skinless-chicken-breasts/p/215064,,,,10.74,$17.61 /kg$7.99 /lb.,17.61,kg,True,,,,,,,meat,chicken_breast,chicken_breast_boneless,whole,boneless|skinless,100g,1.761,,,,,,,,,
2026-09-19,chicken breast,Food Basics Canada,"Boneless Skinless Chicken Breasts, Prime",https://www.foodbasics.ca/aisles/meat-poultry/chicken-turkey/breasts/boneless-skinless-chicken-breasts/p/236352,,,,20.48,$22.02 /kg$9.99 /lb.,22.02,kg,True,,,,,,,meat,chicken_breast,chicken_breast_boneless,whole,boneless|skinless,100g,2.202,,,,,,,,,
2026-09-19,chicken breast,Food Basics Canada,Boneless Skinless Halal Chicken Breast,https://www.foodbasics.ca/aisles/meat-poultry/chicken-turkey/breasts/boneless-skinless-halal-chicken-breast/p/222767,,,,22.02,$22.02 /kg$9.99 /lb.,22.02,kg,True,,,,,,,meat,chicken_breast,chicken_breast_boneless,whole,halal|boneless|skinless,100g,2.202,,,,,,,,,
2026-09-19,chicken breast,Food Basics Canada,"Boneless Skinless Chicken Breasts, Prime",https://www.foodbasics.ca/aisles/meat-poultry/chicken-turkey/breasts/boneless-skinless-chicken-breasts/p/236338,,,,8.48,$24.23 /kg$10.99 /lb.,24.23,kg,True,,,,,,,meat,chicken_breast,chicken_breast_boneless,whole,boneless|skinless,100g,2.423,,,,,,,,,
2026-09-19,chicken breast,Food Basics Canada,"Boneless Skinless Chicken Breast Fillets, Prime",https://www.foodbasics.ca/aisles/meat-poultry/chicken-turkey/breasts/boneless-skinless-chicken-breast-fillets/p/236348,,,,12.41,$35.25 /kg$15.99 /lb.,35.25,kg,True,,,,,,,meat,chicken_breast,chicken_breast_boneless,fillet,boneless|skinless,100g,3.5249999999999995,,,,,,,,,
2026-09-20,chicken breast,Loblaws Canada,Chicken Breast Boneless Skinless Club Pack,https://www.loblaws.ca/en/chicken-breast-boneless-skinless-club-pack/p/20028450_KG,,,,12.66,$10.76/1kg $4.88/1lb,10.76,kg,True,SALE,12.66,24.62,,,,meat,chicken_breast,chicken_breast_boneless,whole,boneless|skinless,100g,1.076,,,,,,about $12.66,,,SAVE $11.96
2026-09-20,chicken breast,Loblaws Canada,Boneless Skinless Chicken Breasts,https://www.loblaws.ca/en/boneless-skinless-chicken-breasts/p/21551175_EA,1.1 kg,1.1,kg,21.0,$1.91/100g,1.91,100g,False,,,,,,,meat,chicken_breast,chicken_breast_boneless,whole,boneless|skinless,100g,1.9090909090909092,,,,,,$21.00,,,
2026-09-20,chicken breast,Loblaws Canada,Halal Boneless Skinless Chicken Breast,https://www.loblaws.ca/en/halal-boneless-skinless-chicken-breast/p/21616967_EA,1.505 kg,1.505,kg,30.0,$1.99/100g,1.99,100g,False,,,,,,,meat,chicken_breast,chicken_breast_boneless,whole,halal|boneless|skinless,100g,1.9933554817275747,,,,,,$30.00,,,
2026-09-20,chicken breast,Loblaws Canada,"Club Pack Chicken Breasts, Boneless Skinless",https://www.loblaws.ca/en/club-pack-chicken-breasts-boneless-skinless/p/20702394_EA,2 kg,2.0,kg,40.0,$2.00/100g,2.0,100g,False,,,,,,,meat,chicken_breast,chicken_breast_boneless,whole,boneless|skinless,100g,2.0,,,,,,$40.00,,,
2026-09-20,chicken breast,Loblaws Canada,Free From Boneless Skinless Chicken Breasts,https://www.loblaws.ca/en/free-from-boneless-skinless-chicken-breasts/p/21668770_KG,,,,26.01,$25.33/1kg $11.49/1lb,25.33,kg,True,,,,,,,meat,chicken_breast,chicken_breast_boneless,whole,boneless|skinless,100g,2.533,,,,,,about $26.01,,,
2026-09-20,chicken breast,Loblaws Canada,"Free From Chicken Breast, Boneless, Skinless",https://www.loblaws.ca/en/free-from-chicken-breast-boneless-skinless/p/21668470_KG,,,,12.37,$26.43/1kg $11.99/1lb,26.43,kg,True,,,,,,,meat,chicken_breast,chicken_breast_boneless,whole,boneless|skinless,100g,2.643,,,,,,about $12.37,,,
2026-09-20,chicken breast,Loblaws Canada,Extra Lean Boneless Skinless Chicken Breasts,https://www.loblaws.ca/en/extra-lean-boneless-skinless-chicken-breasts/p/21340952_EA,1 ea,1.0,count,13.0,$13.00/1ea,13.0,1unit,False,,,,,,,meat,chicken_breast,chicken_breast_boneless,whole,boneless|skinless,1unit,,,"Incompatible comparison unit for chicken_breast_boneless: expected 100g, found 1unit.",,,,$13.00,,,
2026-09-20,chicken breast,Metro Canada,"Boneless and Skinless Chicken Breasts, Value Pack",https://www.metro.ca/en/online-grocery/aisles/meat-poultry/chicken-turkey/breasts/boneless-and-skinless-chicken-breasts/p/206022,5 breasts per tray,,,12.58,$11.00 / kg $4.99 / lb.,11.0,kg,True,sale,12.58,20.92,,,,meat,chicken_breast,chicken_breast_boneless,whole,boneless|skinless,100g,1.1,,,,,,$12.58 avg. ea.,Regular price $20.92 / kg $9.49 / lb.,kg,
2026-09-20,chicken breast,Metro Canada,"Boneless Trimmed Chicken Breasts, Value Pack",https://www.metro.ca/en/online-grocery/aisles/value-pack/fresh-market/meat-deli-fish/boneless-trimmed-chicken-breasts/p/213217,4 per tray,,,13.21,$13.21 / kg $5.99 / lb.,13.21,kg,True,sale,13.21,22.02,,,,meat,chicken_breast,chicken_breast_boneless,whole,boneless,100g,1.3210000000000002,,,,,,$13.21 avg. ea.,Regular price $22.02 / kg $9.99 / lb.,kg,
2026-09-20,chicken breast,Metro Canada,"Boneless, Skinless Chicken Breasts, Prime",https://www.metro.ca/en/online-grocery/aisles/meat-poultry/chicken-turkey/breasts/boneless-skinless-chicken-breasts/p/244963,4 per tray,,,11.32,$13.21 / kg $5.99 / lb.,13.21,kg,True,sale,11.32,27.09,,,,meat,chicken_breast,chicken_breast_boneless,whole,boneless|skinless,100g,1.3210000000000002,,,,,,$11.32 avg. ea.,Regular price $27.09 / kg $12.29 / lb.,kg,
2026-09-20,chicken breast,Metro Canada,Boneless Skinless Chicken Breast,https://www.metro.ca/en/online-grocery/aisles/meat-poultry/chicken-turkey/breasts/boneless-skinless-chicken-breast/p/245641,2 per tray,,,10.13,$22.02 / kg $9.99 / lb.,22.02,kg,True,,,,,,,meat,chicken_breast,chicken_breast_boneless,whole,boneless|skinless,100g,2.202,,,,,,$10.13 avg. ea.,,,
2026-09-20,chicken breast,Metro Canada,"Boneless, Skinless Chicken Breasts",https://www.metro.ca/en/online-grocery/aisles/meat-poultry/chicken-turkey/breasts/boneless-skinless-chicken-breasts/p/244931,2 per tray,,,14.1,$29.74 / kg $13.49 / lb.,29.74,kg,True,,,,,,,meat,chicken_breast,chicken_breast_boneless,whole,boneless|skinless,100g,2.974,,,,,,$14.10 avg. ea.,,,
2026-09-20,chicken breast,Metro Canada,Boneless Skinless Chicken Breast Fillets,https://www.metro.ca/en/online-grocery/aisles/meat-poultry/chicken-turkey/breasts/boneless-skinless-chicken-breast-fillets/p/244945,,,,14.99,$34.15 / kg $15.49 / lb.,34.15,kg,True,,,,,,,meat,chicken_breast,chicken_breast_boneless,fillet,boneless|skinless,100g,3.415,,,,,,$14.99 avg. ea.,,,
2026-09-19,chicken breast,No Frills Canada,"Chicken Breast Boneless & Skinless, Club Pack",https://www.nofrills.ca/en/chicken-breast-boneless-skinless-club-pack/p/20654124_KG,,,,16.2,$13.21/1kg $5.99/1lb,13.21,kg,True,SALE,16.2,18.89,,,,meat,chicken_breast,chicken_breast_boneless,whole,boneless|skinless,100g,1.3210000000000002,,,,,,,,,
2026-09-19,chicken breast,No Frills Canada,Extra Lean Boneless Skinless Chicken Breasts,https://www.nofrills.ca/en/extra-lean-boneless-skinless-chicken-breasts/p/21606270_EA,841 g,841.0,g,16.0,$1.90/100g,1.9,100g,False,,,,,,,meat,chicken_breast,chicken_breast_boneless,whole,boneless|skinless,100g,1.9024970273483943,,,,,,,,,
2026-09-19,chicken breast,No Frills Canada,Free From Boneless Skinless Chicken Breasts,https://www.nofrills.ca/en/free-from-boneless-skinless-chicken-breasts/p/21668770_KG,,,,20.36,$19.82/1kg $8.99/1lb,19.82,kg,True,,,,,,,meat,chicken_breast,chicken_breast_boneless,whole,boneless|skinless,100g,1.982,,,,,,,,,
2026-09-19,chicken breast,No Frills Canada,Blue Menu Extra Lean Boneless Skinless Chicken Breasts,https://www.nofrills.ca/en/blue-menu-extra-lean-boneless-skinless-chicken-bre/p/21606970_EA,0.42 kg,0.42,kg,9.0,$2.14/100g,2.14,100g,False,,,,,,,meat,chicken_breast,chicken_breast_boneless,whole,boneless|skinless,100g,2.142857142857143,,,,,,,,,
2026-09-19,chicken breast,No Frills Canada,"Free From Chicken Breast, Boneless, Skinless",https://www.nofrills.ca/en/free-from-chicken-breast-boneless-skinless/p/21668470_KG,,,,11.85,$25.33/1kg $11.49/1lb,25.33,kg,True,,,,,,,meat,chicken_breast,chicken_breast_boneless,whole,boneless|skinless,100g,2.533,,,,,,,,,
2026-09-19,chicken breast,No Frills Canada,"Boneless Skinless Chicken Breasts, Raised on Canadian Farms",https://www.nofrills.ca/en/boneless-skinless-chicken-breasts-raised-on-canadi/p/20569087_EA,508 g,508.0,g,14.0,$2.76/100g,2.76,100g,False,,,,,,,meat,chicken_breast,chicken_breast_boneless,whole,boneless|skinless,100g,2.7559055118110236,,,,,,,,,
2026-09-19,chicken breast,No Frills Canada,"Boneless Skinless Chicken Breasts, Raised on Canadian Farms",https://www.nofrills.ca/en/boneless-skinless-chicken-breasts-raised-on-canadi/p/20568928_EA,401 g,401.0,g,14.0,$3.49/100g,3.49,100g,False,,,,,,,meat,chicken_breast,chicken_breast_boneless,whole,boneless|skinless,100g,3.4912718204488775,,,,,,,,,
2026-09-19,chicken breast,No Frills Canada,"Boneless Skinless Chicken Breasts, Raised on Canadian Farms",https://www.nofrills.ca/en/boneless-skinless-chicken-breasts-raised-on-canadi/p/21185111_EA,1 ea,1.0,count,21.0,$21.00/1ea,21.0,1unit,False,,,,,,,meat,chicken_breast,chicken_breast_boneless,whole,boneless|skinless,1unit,,,"Incompatible comparison unit for chicken_breast_boneless: expected 100g, found 1unit.",,,,,,,
2026-09-20,chicken breast,Sobeys Canada,Mina Chicken Breast Boneless Skinless,https://www.sobeys.com/products/mina-chicken-breast-boneless-skinless,0.75 KG ($2.38 per 100g),,,23.79,$23.79/kg,23.79,kg,True,,,,,,,meat,chicken_breast,chicken_breast_boneless,whole,boneless|skinless,100g,2.379,,,out_of_stock,715386.0,"Sobeys Urban Fresh Spadina — 22 Fort York Boulevard, Toronto, ON M5V 3Z2",$23.79/kg,,,
2026-09-20,chicken breast,Sobeys Canada,Compliments Chicken Breasts Thinly Sliced Boneless Skinless Value Pack 5 Pieces,https://www.sobeys.com/products/compliments-chicken-breasts-thinly-sliced-boneless-skinless-value-pack-5-pieces,0.55 KG ($2.42 per 100g),,,24.23,$24.23/kg,24.23,kg,True,,,,,,,meat,chicken_breast,chicken_breast_boneless,sliced,boneless|skinless,100g,2.423,,,in_stock,397920.0,"Sobeys Urban Fresh Spadina — 22 Fort York Boulevard, Toronto, ON M5V 3Z2",$24.23/kg,,,
2026-09-20,chicken breast,Sobeys Canada,Compliments Chicken Breasts Boneless Skinless 2 Pieces,https://www.sobeys.com/products/compliments-chicken-breasts-boneless-skinless-2-pieces,0.45 KG ($2.49 per 100g),,,24.89,$24.89/kg,24.89,kg,True,,,,,,,meat,chicken_breast,chicken_breast_boneless,whole,boneless|skinless,100g,2.489,,,in_stock,218802.0,"Sobeys Urban Fresh Spadina — 22 Fort York Boulevard, Toronto, ON M5V 3Z2",$24.89/kg,,,
2026-09-20,chicken breast,Sobeys Canada,Compliments Chicken Breasts Boneless Skinless Value Pack 3 - 6 Pieces,https://www.sobeys.com/products/compliments-chicken-breasts-boneless-skinless-value-pack-3---6-pieces,0.95 KG ($2.49 per 100g),,,24.89,$24.89/kg,24.89,kg,True,,,,,,,meat,chicken_breast,chicken_breast_boneless,whole,boneless|skinless,100g,2.489,,,in_stock,218807.0,"Sobeys Urban Fresh Spadina — 22 Fort York Boulevard, Toronto, ON M5V 3Z2",$24.89/kg,,,
2026-09-20,chicken breast,Sobeys Canada,Compliments Naturally Simple Chicken Breasts Boneless Skinless 2 Count,https://www.sobeys.com/products/compliments-naturally-simple-chicken-breasts-boneless-skinless-2-count,0.37 KG ($2.71 per 100g),,,27.09,$27.09/kg,27.09,kg,True,,,,,,,meat,chicken_breast,chicken_breast_boneless,whole,boneless|skinless,100g,2.709,,,out_of_stock,433464.0,"Sobeys Urban Fresh Spadina — 22 Fort York Boulevard, Toronto, ON M5V 3Z2",$27.09/kg,,,
2026-09-20,chicken breast,Sobeys Canada,Mina Halal Chicken Breasts Boneless Skinless 4 Pieces,https://www.sobeys.com/products/mina-halal-chicken-breasts-boneless-skinless-4-pieces,1 EA ($20.00 per EA),1.0,count,20.0,$20.00 per EA,20.0,1unit,False,,,,,,,meat,chicken_breast,chicken_breast_boneless,whole,halal|boneless|skinless,1unit,,,"Incompatible comparison unit for chicken_breast_boneless: expected 100g, found 1unit.",in_stock,4018.0,"Sobeys Urban Fresh Spadina — 22 Fort York Boulevard, Toronto, ON M5V 3Z2",$20.00,,,
2026-09-18,chicken breast,Walmart Canada,"Maple Leaf Boneless Skinless Chicken Breasts, 6-7 pc, 1.23 - 1.60 KG",https://www.walmart.ca/en/ip/maple-leaf-boneless-skinless-chicken-breasts/3Z4HSOD28G07,1.23 - 1.60 KG,,kg,17.91,$1.27/100g,1.27,100g,True,,,,,,,meat,chicken_breast,chicken_breast_boneless,whole,boneless|skinless,100g,1.27,,,,,,,,,
2026-09-18,chicken breast,Walmart Canada,"Maple Leaf Boneless Skinless Chicken Breasts, 3 - 5 pc, 0.70 - 0.94 KG",https://www.walmart.ca/en/ip/maple-leaf-boneless-skinless-chicken-breasts/7J1VBG2FE9XL,0.70 - 0.94 KG,,kg,10.61,$1.29/100g,1.29,100g,True,,,,,,,meat,chicken_breast,chicken_breast_boneless,whole,boneless|skinless,100g,1.29,,,,,,,,,
2026-09-18,chicken breast,Walmart Canada,"Mina Halal Boneless Skinless Chicken Breasts, 3 - 5 pc, 0.76 - 0.97 KG",https://www.walmart.ca/en/ip/mina-halal-boneless-skinless-chicken-breasts/51S95NEK115W,0.76 - 0.97 KG,,kg,11.64,$1.35/100g,1.35,100g,True,,,,,,,meat,chicken_breast,chicken_breast_boneless,whole,halal|boneless|skinless,100g,1.35,,,,,,,,,
2026-09-18,chicken breast,Walmart Canada,"Prime Boneless Skinless Chicken Breasts Raised Without Antibiotics, 2 -3 pc, 0.53 - 0.69 KG",https://www.walmart.ca/en/ip/prime-boneless-skinless-chicken-breasts-raised-without-antibiotics/3VLCAVLWS55J,0.53 - 0.69 KG,,kg,8.53,$1.40/100g,1.4,100g,True,Rollback,8.53,9.99,,,,meat,chicken_breast,chicken_breast_boneless,whole,boneless|skinless|raised_without_antibiotics,100g,1.4,,,,,,,,,
2026-09-18,chicken breast,Walmart Canada,"Prime Boneless Skinless Chicken Breasts Raised Without Antibiotics, 6-7 pc, 1.23 - 1.60 KG",https://www.walmart.ca/en/ip/prime-boneless-skinless-chicken-breasts-raised-without-antibiotics/6R6I4P26OOYP,1.23 - 1.60 KG,,kg,20.98,$1.48/100g,1.48,100g,True,,,,,,,meat,chicken_breast,chicken_breast_boneless,whole,boneless|skinless|raised_without_antibiotics,100g,1.48,,,,,,,,,
2026-09-18,chicken breast,Walmart Canada,"Prime Sliced Boneless Skinless Chicken Breasts Raised Without Antibiotics, 5 pc, 0.44 - 0.57 KG",https://www.walmart.ca/en/ip/prime-sliced-boneless-skinless-chicken-breasts-raised-without-antibiotics/5ZNK7UZUJBXG,0.44 - 0.57 KG,,kg,13.93,$2.76/100g,2.76,100g,True,,,,,,,meat,chicken_breast,chicken_breast_boneless,sliced,boneless|skinless|raised_without_antibiotics,100g,2.76,,,,,,,,,
2026-09-18,chicken breast,Walmart Canada,"Prime Boneless Skinless Chicken Breasts Organic, 2 pc, 0.44 - 0.55 KG",https://www.walmart.ca/en/ip/prime-boneless-skinless-chicken-breasts-organic/6DC4X9YA6ZAG,0.44 - 0.55 KG,,kg,14.62,$2.95/100g,2.95,100g,True,,,,,,,meat,chicken_breast,chicken_breast_boneless,whole,organic|boneless|skinless,100g,2.95,,,,,,,,,
2026-09-19,chicken breast,Food Basics Canada,Diced Chicken Breast,https://www.foodbasics.ca/aisles/meat-poultry/chicken-turkey/breasts/diced-chicken-breast/p/247794,,,,21.15,$35.25 /kg$15.99 /lb.,35.25,kg,True,,,,,,,meat,chicken_breast,chicken_breast_diced,diced,,100g,3.5249999999999995,,,,,,,,,
2026-09-18,chicken breast,Walmart Canada,"Prime Raised Without Antibiotics Diced Chicken Breast, pc, 0.48 - 0.57 KG",https://www.walmart.ca/en/ip/prime-raised-without-antibiotics-diced-chicken-breast/3JL25TEW2309,0.48 - 0.57 KG,,kg,11.38,$2.17/100g,2.17,100g,True,,,,,,,meat,chicken_breast,chicken_breast_diced,diced,raised_without_antibiotics,100g,2.17,,,,,,,,,
2026-09-19,bananas,No Frills Canada,Green Cooking Bananas,https://www.nofrills.ca/en/green-cooking-bananas/p/20077385001_KG,,,,1.79,$1.74/1kg $0.79/1lb,1.74,kg,True,,,,,,,produce,bananas,cooking_bananas,loose,,100g,0.174,,,,,,,,,
2026-09-19,cheese,Food Basics Canada,"1% Cottage Cheese, Nordica",https://www.foodbasics.ca/aisles/dairy-eggs/packaged-cheese/cottage-cheese-ricotta/1-cottage-cheese/p/066013153669,500 g,500.0,g,5.49,$1.10 /100g,1.1,100g,False,,,,,,,dairy,cheese,cottage_cheese,unspecified,,100g,1.098,,,,,,,,,
2026-09-19,pasta,Food Basics Canada,Fusilli Pasta,https://www.foodbasics.ca/aisles/pantry/pasta-rice-beans/pasta/fusilli-pasta/p/059749893152,900 g,900.0,g,1.97,$0.22 /100g,0.22,100g,False,,,,,,,pantry,pasta,dry_pasta,dry,,100g,0.2188888888888888,,,,,,,,,
2026-09-19,pasta,Food Basics Canada,Penne Pasta,https://www.foodbasics.ca/aisles/pantry/pasta-rice-beans/pasta/penne-pasta/p/059749969758,900 g,900.0,g,1.97,$0.22 /100g,0.22,100g,False,,,,,,,pantry,pasta,dry_pasta,dry,,100g,0.2188888888888888,,,,,,,,,
2026-09-19,pasta,Food Basics Canada,Pennine Rigate Pasta,https://www.foodbasics.ca/aisles/pantry/pasta-rice-beans/pasta/pennine-rigate-pasta/p/059749893114,900 g,900.0,g,1.97,$0.22 /100g,0.22,100g,False,,,,,,,pantry,pasta,dry_pasta,dry,,100g,0.2188888888888888,,,,,,,,,
2026-09-19,pasta,Food Basics Canada,Rotini Pasta,https://www.foodbasics.ca/aisles/pantry/pasta-rice-beans/pasta/rotini-pasta/p/059749893138,900 g,900.0,g,1.97,$0.22 /100g,0.22,100g,False,,,,,,,pantry,pasta,dry_pasta,dry,,100g,0.2188888888888888,,,,,,,,,
2026-09-19,pasta,Food Basics Canada,Fusilli Pasta,https://www.foodbasics.ca/aisles/pantry/pasta-rice-beans/pasta/fusilli-pasta/p/055900001244,900 g,900.0,g,1.99,$0.22 /100g,0.22,100g,False,sale,1.99,2.49,,,,pantry,pasta,dry_pasta,dry,,100g,0.2211111111111111,,,,,,,,,
2026-09-19,pasta,Food Basics Canada,Large Shell Pasta,https://www.foodbasics.ca/aisles/pantry/canned-jarred/pasta-pasta-sauces/large-shell-pasta/p/055900001268,900 g,900.0,g,1.99,$0.22 /100g,0.22,100g,False,sale,1.99,2.49,,,,pantry,pasta,dry_pasta,dry,,100g,0.2211111111111111,,,,,,,,,
2026-09-19,pasta,Food Basics Canada,Spaghetti Pasta,https://www.foodbasics.ca/aisles/pantry/pasta-rice-beans/pasta/spaghetti-pasta/p/055900001022,900 g,900.0,g,1.99,$0.22 /100g,0.22,100g,False,sale,1.99,2.49,,,,pantry,pasta,dry_pasta,dry,,100g,0.2211111111111111,,,,,,,,,
2026-09-19,pasta,Food Basics Canada,Farfalle Pasta,https://www.foodbasics.ca/aisles/pantry/pasta-rice-beans/pasta/farfalle-pasta/p/076808011128,410 g,410.0,g,1.99,$0.49 /100g,0.49,100g,False,sale,1.99,2.79,,,,pantry,pasta,dry_pasta,dry,,100g,0.4853658536585366,,,,,,,,,
2026-09-19,pasta,Food Basics Canada,Rigatoni Pasta,https://www.foodbasics.ca/aisles/pantry/pasta-rice-beans/pasta/rigatoni-pasta/p/076808011111,410 g,410.0,g,1.99,$0.49 /100g,0.49,100g,False,sale,1.99,2.79,,,,pantry,pasta,dry_pasta,dry,,100g,0.4853658536585366,,,,,,,,,
2026-09-19,pasta,Food Basics Canada,Fusilli Pasta,https://www.foodbasics.ca/aisles/pantry/pasta-rice-beans/pasta/fusilli-pasta/p/779921000283,450 g,450.0,g,2.49,$0.55 /100g,0.55,100g,False,sale,2.49,2.99,,,,pantry,pasta,dry_pasta,dry,,100g,0.5533333333333333,,,,,,,,,
2026-09-19,pasta,Food Basics Canada,"Penne Pasta, Garden Select",https://www.foodbasics.ca/aisles/pantry/pasta-rice-beans/pasta/penne-pasta/p/064200130721,340 g,340.0,g,2.99,$0.88 /100g,0.88,100g,False,sale,2.99,3.99,,,,pantry,pasta,dry_pasta,dry,,100g,0.8794117647058823,,,,,,,,,
2026-09-19,pasta,Food Basics Canada,"Spaghetti Pasta, Garden Select",https://www.foodbasics.ca/aisles/pantry/pasta-rice-beans/pasta/spaghetti-pasta/p/064200130714,340 g,340.0,g,2.99,$0.88 /100g,0.88,100g,False,sale,2.99,3.99,,,,pantry,pasta,dry_pasta,dry,,100g,0.8794117647058823,,,,,,,,,
2026-09-20,pasta,Loblaws Canada,Cavatappi,https://www.loblaws.ca/en/cavatappi/p/20315613009_EA,900 g,900.0,g,2.29,$0.25/100g,0.25,100g,False,,,,,,,pantry,pasta,dry_pasta,dry,,100g,0.2544444444444445,,,,,,$2.29,,,
2026-09-20,pasta,Loblaws Canada,Elbow Macaroni,https://www.loblaws.ca/en/elbow-macaroni/p/20315613003_EA,900 g,900.0,g,2.29,$0.25/100g,0.25,100g,False,,,,,,,pantry,pasta,dry_pasta,dry,,100g,0.2544444444444445,,,,,,$2.29,,,
2026-09-20,pasta,Loblaws Canada,Penne Rigate Pasta,https://www.loblaws.ca/en/penne-rigate-pasta/p/20315613006_EA,900 g,900.0,g,2.29,$0.25/100g,0.25,100g,False,,,,,,,pantry,pasta,dry_pasta,dry,,100g,0.2544444444444445,,,,,,$2.29,,,
2026-09-20,pasta,Loblaws Canada,Rotini,https://www.loblaws.ca/en/rotini/p/20315613004_EA,900 g,900.0,g,2.29,$0.25/100g,0.25,100g,False,,,,,,,pantry,pasta,dry_pasta,dry,,100g,0.2544444444444445,,,,,,$2.29,,,
2026-09-20,pasta,Loblaws Canada,Spaghetti,https://www.loblaws.ca/en/spaghetti/p/20315613002_EA,900 g,900.0,g,2.29,$0.25/100g,0.25,100g,False,,,,,,,pantry,pasta,dry_pasta,dry,,100g,0.2544444444444445,,,,,,$2.29,,,
2026-09-20,pasta,Loblaws Canada,Conchiglie Pasta,https://www.loblaws.ca/en/conchiglie-pasta/p/21404961_EA,410 g,410.0,g,2.99,$0.73/100g,0.73,100g,False,multi-buy,2.5,,2.0,2.5,2.99,pantry,pasta,dry_pasta,dry,,100g,0.7292682926829269,,,,,,$2.99,,,$2.50 MIN 2
2026-09-20,pasta,Loblaws Canada,Farfalle Pasta,https://www.loblaws.ca/en/farfalle-pasta/p/21404904_EA,410 g,410.0,g,2.99,$0.73/100g,0.73,100g,False,multi-buy,2.5,,2.0,2.5,2.99,pantry,pasta,dry_pasta,dry,,100g,0.7292682926829269,,,,,,$2.99,,,$2.50 MIN 2
2026-09-20,pasta,Loblaws Canada,Penne Rigate Pasta,https://www.loblaws.ca/en/penne-rigate-pasta/p/21550231_EA,410 g,410.0,g,2.99,$0.73/100g,0.73,100g,False,multi-buy,2.5,,2.0,2.5,2.99,pantry,pasta,dry_pasta,dry,,100g,0.7292682926829269,,,,,,$2.99,,,$2.50 MIN 2
2026-09-20,pasta,Loblaws Canada,Rotini Pasta,https://www.loblaws.ca/en/rotini-pasta/p/21404963_EA,410 g,410.0,g,2.99,$0.73/100g,0.73,100g,False,multi-buy,2.5,,2.0,2.5,2.99,pantry,pasta,dry_pasta,dry,,100g,0.7292682926829269,,,,,,$2.99,,,$2.50 MIN 2
2026-09-20,pasta,Loblaws Canada,Cellentani Pasta,https://www.loblaws.ca/en/cellentani-pasta/p/21593622_EA,340 g,340.0,g,2.99,$8.79/100g,8.79,100g,False,multi-buy,2.5,,2.0,2.5,2.99,pantry,pasta,dry_pasta,dry,,100g,0.8794117647058823,Listed unit price differs from the package-derived price by 10.00x; package-derived normalization was retained.,,,,,$2.99,,,$2.50 MIN 2
2026-09-20,pasta,Metro Canada,Cavatappi Pasta,https://www.metro.ca/en/online-grocery/aisles/pantry/pasta-rice-beans/pasta/cavatappi-pasta/p/059749893145,900 g,900.0,g,2.29,$0.25 /100 g,0.25,100g,False,,,,,,,pantry,pasta,dry_pasta,dry,,100g,0.2544444444444445,,,,,,$2.29 ea.,,,
2026-09-20,pasta,Metro Canada,Elbow Macaroni Pasta,https://www.metro.ca/en/online-grocery/aisles/pantry/pasta-rice-beans/pasta/elbow-macaroni-pasta/p/059749893169,900 g,900.0,g,2.29,$0.25 /100 g,0.25,100g,False,,,,,,,pantry,pasta,dry_pasta,dry,,100g,0.2544444444444445,,,,,,$2.29 ea.,,,
2026-09-20,pasta,Metro Canada,Fusilli Pasta,https://www.metro.ca/en/online-grocery/aisles/pantry/pasta-rice-beans/pasta/fusilli-pasta/p/059749893152,900 g,900.0,g,2.29,$0.25 /100 g,0.25,100g,False,,,,,,,pantry,pasta,dry_pasta,dry,,100g,0.2544444444444445,,,,,,$2.29 ea.,,,
2026-09-20,pasta,Metro Canada,Penne Pasta,https://www.metro.ca/en/online-grocery/aisles/pantry/pasta-rice-beans/pasta/penne-pasta/p/059749969758,900 g,900.0,g,2.29,$0.25 /100 g,0.25,100g,False,,,,,,,pantry,pasta,dry_pasta,dry,,100g,0.2544444444444445,,,,,,$2.29 ea.,,,
2026-09-20,pasta,Metro Canada,Rotini Pasta,https://www.metro.ca/en/online-grocery/aisles/pantry/pasta-rice-beans/pasta/rotini-pasta/p/059749893138,900 g,900.0,g,2.29,$0.25 /100 g,0.25,100g,False,,,,,,,pantry,pasta,dry_pasta,dry,,100g,0.2544444444444445,,,,,,$2.29 ea.,,,
2026-09-20,pasta,Metro Canada,Fusilli Pasta,https://www.metro.ca/en/online-grocery/aisles/pantry/pasta-rice-beans/pasta/fusilli-pasta/p/055900001244,900 g,900.0,g,3.49,$0.39 /100 g,0.39,100g,False,,,,,,,pantry,pasta,dry_pasta,dry,,100g,0.3877777777777778,,,,,,$3.49 ea.,,,
2026-09-20,pasta,Metro Canada,Rigatoni Pasta,https://www.metro.ca/en/online-grocery/aisles/pantry/pasta-rice-beans/pasta/rigatoni-pasta/p/055900001350,900 g,900.0,g,3.49,$0.39 /100 g,0.39,100g,False,,,,,,,pantry,pasta,dry_pasta,dry,,100g,0.3877777777777778,,,,,,$3.49 ea.,,,
2026-09-20,pasta,Metro Canada,Spaghetti Pasta,https://www.metro.ca/en/online-grocery/aisles/pantry/pasta-rice-beans/pasta/spaghetti-pasta/p/055900001022,900 g,900.0,g,3.49,$0.39 /100 g,0.39,100g,False,,,,,,,pantry,pasta,dry_pasta,dry,,100g,0.3877777777777778,,,,,,$3.49 ea.,,,
2026-09-20,pasta,Metro Canada,Farfalle Pasta,https://www.metro.ca/en/online-grocery/aisles/pantry/pasta-rice-beans/pasta/farfalle-pasta/p/076808011128,410 g,410.0,g,2.49,$0.61 /100 g,0.61,100g,False,sale,2.49,2.99,,,,pantry,pasta,dry_pasta,dry,,100g,0.6073170731707317,,,,,,$2.49 ea.,Regular price $2.99 ea.,,
2026-09-20,pasta,Metro Canada,Rigatoni Pasta,https://www.metro.ca/en/online-grocery/aisles/pantry/pasta-rice-beans/pasta/rigatoni-pasta/p/076808011111,410 g,410.0,g,2.49,$0.61 /100 g,0.61,100g,False,sale,2.49,2.99,,,,pantry,pasta,dry_pasta,dry,,100g,0.6073170731707317,,,,,,$2.49 ea.,Regular price $2.99 ea.,,
2026-09-20,pasta,Metro Canada,Spaghetti Pasta,https://www.metro.ca/en/online-grocery/aisles/pantry/pasta-rice-beans/pasta/spaghetti-pasta/p/076808011012,410 g,410.0,g,2.49,$0.61 /100 g,0.61,100g,False,sale,2.49,2.99,,,,pantry,pasta,dry_pasta,dry,,100g,0.6073170731707317,,,,,,$2.49 ea.,Regular price $2.99 ea.,,
2026-09-20,pasta,Metro Canada,Farfalle Pasta,https://www.metro.ca/en/online-grocery/aisles/pantry/pasta-rice-beans/pasta/farfalle-pasta/p/779921000665,450 g,450.0,g,3.49,$0.78 /100 g,0.78,100g,False,,,,,,,pantry,pasta,dry_pasta,dry,,100g,0.7755555555555557,,,,,,$3.49 ea.,,,
2026-09-19,pasta,No Frills Canada,Cavatappi,https://www.nofrills.ca/en/cavatappi/p/20315613009_EA,900 g,900.0,g,2.0,$0.22/100g,0.22,100g,False,,,,,,,pantry,pasta,dry_pasta,dry,,100g,0.2222222222222222,,,,,,,,,
2026-09-19,pasta,No Frills Canada,Elbow Macaroni,https://www.nofrills.ca/en/elbow-macaroni/p/20315613003_EA,900 g,900.0,g,2.0,$0.22/100g,0.22,100g,False,,,,,,,pantry,pasta,dry_pasta,dry,,100g,0.2222222222222222,,,,,,,,,
2026-09-19,pasta,No Frills Canada,Penne Rigate Pasta,https://www.nofrills.ca/en/penne-rigate-pasta/p/20315613006_EA,900 g,900.0,g,2.0,$0.22/100g,0.22,100g,False,,,,,,,pantry,pasta,dry_pasta,dry,,100g,0.2222222222222222,,,,,,,,,
2026-09-19,pasta,No Frills Canada,Rotini,https://www.nofrills.ca/en/rotini/p/20315613004_EA,900 g,900.0,g,2.0,$0.22/100g,0.22,100g,False,,,,,,,pantry,pasta,dry_pasta,dry,,100g,0.2222222222222222,,,,,,,,,
2026-09-19,pasta,No Frills Canada,Spaghetti,https://www.nofrills.ca/en/spaghetti/p/20315613002_EA,900 g,900.0,g,2.0,$0.22/100g,0.22,100g,False,,,,,,,pantry,pasta,dry_pasta,dry,,100g,0.2222222222222222,,,,,,,,,
2026-09-19,pasta,No Frills Canada,Conchiglie Pasta,https://www.nofrills.ca/en/conchiglie-pasta/p/21404961_EA,410 g,410.0,g,2.5,$0.61/100g,0.61,100g,False,,,,,,,pantry,pasta,dry_pasta,dry,,100g,0.6097560975609756,,,,,,,,,
2026-09-19,pasta,No Frills Canada,Farfalle Pasta,https://www.nofrills.ca/en/farfalle-pasta/p/21404904_EA,410 g,410.0,g,2.5,$0.61/100g,0.61,100g,False,,,,,,,pantry,pasta,dry_pasta,dry,,100g,0.6097560975609756,,,,,,,,,
2026-09-19,pasta,No Frills Canada,Penne Rigate Pasta,https://www.nofrills.ca/en/penne-rigate-pasta/p/21550231_EA,410 g,410.0,g,2.5,$0.61/100g,0.61,100g,False,,,,,,,pantry,pasta,dry_pasta,dry,,100g,0.6097560975609756,,,,,,,,,
2026-09-19,pasta,No Frills Canada,Rotini Pasta,https://www.nofrills.ca/en/rotini-pasta/p/21404963_EA,410 g,410.0,g,2.5,$0.61/100g,0.61,100g,False,,,,,,,pantry,pasta,dry_pasta,dry,,100g,0.6097560975609756,,,,,,,,,
2026-09-19,pasta,No Frills Canada,Cellentani Pasta,https://www.nofrills.ca/en/cellentani-pasta/p/21593622_EA,340 g,340.0,g,2.5,$7.35/100g,7.35,100g,False,,,,,,,pantry,pasta,dry_pasta,dry,,100g,0.7352941176470588,Listed unit price differs from the package-derived price by 10.00x; package-derived normalization was retained.,,,,,,,,
2026-09-20,pasta,Sobeys Canada,Compliments Pasta Spaghetti Value Size 900 g,https://www.sobeys.com/products/compliments-pasta-spaghetti-value-size-900-g,900 G ($0.30 per 100g),900.0,g,2.69,$0.30 per 100g,0.3,100g,False,,,,,,,pantry,pasta,dry_pasta,dry,,100g,0.2988888888888889,,,in_stock,442324.0,"Sobeys Urban Fresh Spadina — 22 Fort York Boulevard, Toronto, ON M5V 3Z2",$2.69,,,
2026-09-20,pasta,Sobeys Canada,Panache Pasta Casarecce 500 g,https://www.sobeys.com/products/panache-pasta-casarecce-500-g,500 G ($1.00 per 100g),500.0,g,3.29,$1.00 per 100g,1.0,100g,False,multi-buy,2.5,,2.0,2.5,3.29,pantry,pasta,dry_pasta,dry,,100g,0.658,,,in_stock,580624.0,"Sobeys Urban Fresh Spadina — 22 Fort York Boulevard, Toronto, ON M5V 3Z2",$3.29,,,Buy 2 for $5
2026-09-20,pasta,Sobeys Canada,Panache Pasta Penne Rigate 500 g,https://www.sobeys.com/products/panache-pasta-penne-rigate-500-g,500 G ($1.00 per 100g),500.0,g,3.29,$1.00 per 100g,1.0,100g,False,multi-buy,2.5,,2.0,2.5,3.29,pantry,pasta,dry_pasta,dry,,100g,0.658,,,in_stock,636000.0,"Sobeys Urban Fresh Spadina — 22 Fort York Boulevard, Toronto, ON M5V 3Z2",$3.29,,,Buy 2 for $5
2026-09-20,pasta,Sobeys Canada,Catelli Pasta Penne Rigate 454 g,https://www.sobeys.com/products/catelli-pasta-penne-rigate-454-g,454 G ($0.72 per 100g),454.0,g,3.29,$0.72 per 100g,0.72,100g,False,,,,,,,pantry,pasta,dry_pasta,dry,,100g,0.7246696035242292,,,in_stock,1377457.0,"Sobeys Urban Fresh Spadina — 22 Fort York Boulevard, Toronto, ON M5V 3Z2",$3.29,,,
2026-09-20,pasta,Sobeys Canada,Catelli Pasta Rotini 454 g,https://www.sobeys.com/products/catelli-pasta-rotini-454-g,454 G ($0.72 per 100g),454.0,g,3.29,$0.72 per 100g,0.72,100g,False,,,,,,,pantry,pasta,dry_pasta,dry,,100g,0.7246696035242292,,,in_stock,1377473.0,"Sobeys Urban Fresh Spadina — 22 Fort York Boulevard, Toronto, ON M5V 3Z2",$3.29,,,
2026-09-20,pasta,Sobeys Canada,Barilla Pasta Spaghetti 410 g,https://www.sobeys.com/products/barilla-pasta-spaghetti-410-g,410 G ($0.73 per 100g),410.0,g,2.99,$0.73 per 100g,0.73,100g,False,,,,,,,pantry,pasta,dry_pasta,dry,,100g,0.7292682926829269,,,in_stock,785315.0,"Sobeys Urban Fresh Spadina — 22 Fort York Boulevard, Toronto, ON M5V 3Z2",$2.99,,,
2026-09-20,pasta,Sobeys Canada,Catelli Smart Pasta Spaghetti 375 g,https://www.sobeys.com/products/catelli-smart-pasta-spaghetti-375-g,375 G ($0.93 per 100g),375.0,g,3.49,$0.93 per 100g,0.93,100g,False,sale,3.49,4.19,,,,pantry,pasta,dry_pasta,dry,,100g,0.9306666666666668,,,in_stock,284542.0,"Sobeys Urban Fresh Spadina — 22 Fort York Boulevard, Toronto, ON M5V 3Z2","$3.49
$4.19
SAVE
70¢",,,
2026-09-20,pasta,Sobeys Canada,Catelli Gluten-Free Pasta Macaroni 340 g,https://www.sobeys.com/products/catelli-gluten-free-pasta-macaroni-340-g,340 G ($1.03 per 100g),340.0,g,3.49,$1.03 per 100g,1.03,100g,False,sale,3.49,4.69,,,,pantry,pasta,dry_pasta,dry,gluten_free,100g,1.0264705882352942,,,in_stock,385394.0,"Sobeys Urban Fresh Spadina — 22 Fort York Boulevard, Toronto, ON M5V 3Z2","$3.49
$4.69
SAVE
$1.20",,,
2026-09-20,pasta,Sobeys Canada,Catelli Protein+ White Pasta Added Protein Rigatoni 340 g,https://www.sobeys.com/products/catelli-protein--white-pasta-added-protein-rigatoni-340-g,340 G ($1.56 per 100g),340.0,g,5.29,$1.56 per 100g,1.56,100g,False,,,,,,,pantry,pasta,dry_pasta,dry,,100g,1.5558823529411765,,,in_stock,1377463.0,"Sobeys Urban Fresh Spadina — 22 Fort York Boulevard, Toronto, ON M5V 3Z2",$5.29,,,
2026-09-20,pasta,Sobeys Canada,Bechtle Egg Pasta Broad 500 g,https://www.sobeys.com/products/bechtle-egg-pasta-broad-500-g,500 G ($1.66 per 100g),500.0,g,8.29,$1.66 per 100g,1.66,100g,False,,,,,,,pantry,pasta,dry_pasta,dry,,100g,1.6579999999999997,,,in_stock,542938.0,"Sobeys Urban Fresh Spadina — 22 Fort York Boulevard, Toronto, ON M5V 3Z2",$8.29,,,
2026-09-20,pasta,Sobeys Canada,GoGo Quinoa Organic Pasta Macaroni Rice Red & White Quinoa 227 g,https://www.sobeys.com/products/gogo-quinoa-organic-pasta-macaroni-rice-red---white-quinoa-227-g,227 G ($2.55 per 100g),227.0,g,5.79,$2.55 per 100g,2.55,100g,False,,,,,,,pantry,pasta,dry_pasta,dry,organic,100g,2.550660792951542,,,in_stock,579963.0,"Sobeys Urban Fresh Spadina — 22 Fort York Boulevard, Toronto, ON M5V 3Z2",$5.79,,,
2026-09-18,pasta,Walmart Canada,Great Value Macaroni Pasta,https://www.walmart.ca/en/ip/Great-Value-Macaroni-Pasta/2V1OHHHOK93T,,,,1.97,22¢/100g,0.22,100g,False,,,,,,,pantry,pasta,dry_pasta,dry,,100g,0.22,,,,,,,,,
2026-09-18,pasta,Walmart Canada,Great Value Rigatoni Pasta,https://www.walmart.ca/en/ip/Great-Value-Rigatoni-Pasta/26ATIIIY0XYD,,,,1.97,22¢/100g,0.22,100g,False,,,,,,,pantry,pasta,dry_pasta,dry,,100g,0.22,,,,,,,,,
2026-09-18,pasta,Walmart Canada,Fiorfiore bronze dyed 12.5% proteins Farfalle Pasta,https://www.walmart.ca/en/ip/Fiorfiore-bronze-dyed-12-5-proteins-Farfalle-Pasta/6000200626392,,,,1.97,39¢/100g,0.39,100g,False,,,,,,,pantry,pasta,dry_pasta,dry,,100g,0.39,,,,,,,,,
2026-09-18,pasta,Walmart Canada,Fiorfiore bronze dyed 12.5% proteins Lumaconi Pasta,https://www.walmart.ca/en/ip/Fiorfiore-bronze-dyed-12-5-proteins-Lumaconi-Pasta/6000200626641,,,,1.97,39¢/100g,0.39,100g,False,,,,,,,pantry,pasta,dry_pasta,dry,,100g,0.39,,,,,,,,,
2026-09-18,pasta,Walmart Canada,Fiorfiore Pasta Rotini 500G,https://www.walmart.ca/en/ip/Fiorfiore-Pasta-Rotini-500G/0ZYAS28G7WYS,500G,500.0,g,1.97,39¢/100g,0.39,100g,False,,,,,,,pantry,pasta,dry_pasta,dry,,100g,0.394,,,,,,,,,
2026-09-18,pasta,Walmart Canada,Barilla Penne Rigate Pasta,https://www.walmart.ca/en/ip/Barilla-Penne-Rigate-Pasta/6000203462933,,,,2.44,60¢/100g,0.6,100g,False,,,,,,,pantry,pasta,dry_pasta,dry,,100g,0.6,,,,,,,,,
2026-09-18,pasta,Walmart Canada,Barilla Rotini Pasta,https://www.walmart.ca/en/ip/Barilla-Rotini-Pasta/6000203462912,,,,2.44,60¢/100g,0.6,100g,False,,,,,,,pantry,pasta,dry_pasta,dry,,100g,0.6,,,,,,,,,
2026-09-18,pasta,Walmart Canada,Barilla Cellentani Pasta,https://www.walmart.ca/en/ip/Barilla-Cellentani-Pasta/3PGQPH07TCZQ,,,,2.44,72¢/100g,0.72,100g,False,,,,,,,pantry,pasta,dry_pasta,dry,,100g,0.72,,,,,,,,,
2026-09-18,pasta,Walmart Canada,Great Value Fusilli Pasta,https://www.walmart.ca/en/ip/Great-Value-Fusilli-Pasta/14EEGNOB0HF0,,,,1.97,,,,False,,,,,,,pantry,pasta,dry_pasta,dry,,,,,No supported package or listed unit was available.,,,,,,,
2026-09-18,pasta,Walmart Canada,Great Value Penne Rigate Pasta,https://www.walmart.ca/en/ip/Great-Value-Penne-Rigate-Pasta/435XOWBKYV86,,,,1.97,,,,False,,,,,,,pantry,pasta,dry_pasta,dry,,,,,No supported package or listed unit was available.,,,,,,,
2026-09-19,eggs,Food Basics Canada,Extra Large Eggs,https://www.foodbasics.ca/aisles/dairy-eggs/eggs/whole-eggs/extra-large-eggs/p/059749896061,12 un,12.0,count,4.69,$0.39 /un.,0.39,1unit,False,,,,,,,dairy,eggs,extra_large_eggs,shell,,1unit,0.3908333333333333,,,,,,,,,
2026-09-20,eggs,Loblaws Canada,Extra Large Size Eggs 12 Pack,https://www.loblaws.ca/en/extra-large-size-eggs-12-pack/p/20812726001_EA,12 ea,12.0,count,4.69,$0.39/1ea,0.39,1unit,False,,,,,,,dairy,eggs,extra_large_eggs,shell,,1unit,0.3908333333333333,,,,,,$4.69,,,
2026-09-20,eggs,Metro Canada,Extra Large Eggs,https://www.metro.ca/en/online-grocery/aisles/dairy-eggs/eggs/whole-eggs/extra-large-eggs/p/059749896061,12 un,12.0,count,4.99,$0.42 / un.,0.42,1unit,False,,,,,,,dairy,eggs,extra_large_eggs,shell,,1unit,0.4158333333333333,,,,,,$4.99 ea.,,,
2026-09-19,eggs,No Frills Canada,Extra Large Size Eggs 12 Pack,https://www.nofrills.ca/en/extra-large-size-eggs-12-pack/p/20812726001_EA,12 ea,12.0,count,4.71,$0.39/1ea,0.39,1unit,False,,,,,,,dairy,eggs,extra_large_eggs,shell,,1unit,0.3925,,,,,,,,,
2026-09-20,eggs,Sobeys Canada,Burnbrae Farms Super Bon-ee White Eggs Extra Large 12 Count,https://www.sobeys.com/products/burnbrae-farms-super-bon-ee-white-eggs-extra-large-12-count,12 EA ($0.47 per EA),12.0,count,5.69,$0.47 per EA,0.47,1unit,False,,,,,,,dairy,eggs,extra_large_eggs,shell,,1unit,0.4741666666666667,,,in_stock,870412.0,"Sobeys Urban Fresh Spadina — 22 Fort York Boulevard, Toronto, ON M5V 3Z2",$5.69,,,
2026-09-18,eggs,Walmart Canada,Great Value XL White 12 Eggs,https://www.walmart.ca/en/ip/Great-Value-XL-White-12-Eggs/6000191273494,12 Eggs,12.0,count,4.63,,,,False,,,,,,,dairy,eggs,extra_large_eggs,shell,,1unit,0.3858333333333333,,,,,,,,,
2026-09-19,apples,Food Basics Canada,"Bag of Apples, McIntosh",https://www.foodbasics.ca/aisles/fruits-vegetables/fruits/apples-pears/bag-of-apples/p/033383442891,3 lb,3.0,lb,2.98,$0.22 /100g,0.22,100g,False,sale,2.98,5.99,,,,produce,apples,fresh_apples,bagged,,100g,0.2189925137703117,,,,,,,,,
2026-09-19,apples,Food Basics Canada,"Apples, Paula Red",https://www.foodbasics.ca/aisles/fruits-vegetables/fruits/apples-pears/apples/p/033383443201,3 lb,3.0,lb,5.98,$0.44 /100g,0.44,100g,False,,,,,,,produce,apples,fresh_apples,bagged,,100g,0.4394547759551893,,,,,,,,,
2026-09-19,apples,Food Basics Canada,"Apple, Lobo",https://www.foodbasics.ca/aisles/fruits-vegetables/fruits/apples-pears/apple/p/4193,,,,0.71,$5.49 /kg$2.49 /lb.,5.49,kg,True,,,,,,,produce,apples,fresh_apples,loose,,100g,0.549,,,,,,,,,
2026-09-19,apples,Food Basics Canada,"Apple, McIntosh",https://www.foodbasics.ca/aisles/fruits-vegetables/fruits/apples-pears/apple/p/4152,Sold individually,,,0.93,$5.49 /kg$2.49 /lb.,5.49,kg,True,,,,,,,produce,apples,fresh_apples,loose,,100g,0.549,,,,,,,,,
2026-09-19,apples,Food Basics Canada,"Apple, Mutsu",https://www.foodbasics.ca/aisles/fruits-vegetables/fruits/apples-pears/apple/p/4108,Sold individually,,,1.1,$5.49 /kg$2.49 /lb.,5.49,kg,True,,,,,,,produce,apples,fresh_apples,loose,,100g,0.549,,,,,,,,,
2026-09-19,apples,Food Basics Canada,"Apple, Golden Delicious",https://www.foodbasics.ca/aisles/fruits-vegetables/fruits/apples-pears/apple/p/4021,Sold individually,,,1.11,$6.35 /kg$2.88 /lb.,6.35,kg,True,,,,,,,produce,apples,fresh_apples,loose,,100g,0.635,,,,,,,,,
2026-09-19,apples,Food Basics Canada,"Apple, Red Delicious",https://www.foodbasics.ca/aisles/fruits-vegetables/fruits/apples-pears/apple/p/4015,Sold individually,,,1.21,$6.35 /kg$2.88 /lb.,6.35,kg,True,,,,,,,produce,apples,fresh_apples,loose,,100g,0.635,,,,,,,,,
2026-09-19,apples,Food Basics Canada,"Apple, Cosmic Crisp",https://www.foodbasics.ca/aisles/fruits-vegetables/fruits/apples-pears/apple/p/3507,Sold individually,,,1.48,$6.57 /kg$2.98 /lb.,6.57,kg,True,,,,,,,produce,apples,fresh_apples,loose,,100g,0.657,,,,,,,,,
2026-09-19,apples,Food Basics Canada,"Apple, Fuji",https://www.foodbasics.ca/aisles/fruits-vegetables/fruits/apples-pears/apple/p/4129,,,,1.05,$6.57 /kg$2.98 /lb.,6.57,kg,True,,,,,,,produce,apples,fresh_apples,loose,,100g,0.657,,,,,,,,,
2026-09-19,apples,Food Basics Canada,"Apple, Honeycrisp",https://www.foodbasics.ca/aisles/fruits-vegetables/fruits/apples-pears/apple/p/3283,Sold individually,,,1.4,$8.77 /kg$3.98 /lb.,8.77,kg,True,,,,,,,produce,apples,fresh_apples,loose,,100g,0.877,,,,,,,,,
2026-09-20,apples,Loblaws Canada,"Naturally Imperfect Apples, 6 lb bag",https://www.loblaws.ca/en/naturally-imperfect-apples-6-lb-bag/p/20868985001_EA,2.72 kg,2.72,kg,9.0,$0.33/100g,0.33,100g,False,,,,,,,produce,apples,fresh_apples,bagged,,100g,0.3308823529411764,,,,,,$9.00,,,
2026-09-20,apples,Loblaws Canada,"Gala Apples, 4 lb bag",https://www.loblaws.ca/en/gala-apples-4-lb-bag/p/20767998001_EA,1.81 kg,1.81,kg,8.5,$0.47/100g,0.47,100g,False,,,,,,,produce,apples,fresh_apples,bagged,,100g,0.4696132596685083,,,,,,$8.50,,,
2026-09-20,apples,Loblaws Canada,Ambrosia Apples,https://www.loblaws.ca/en/ambrosia-apples/p/21307212001_EA,1.814 kg,1.814,kg,9.5,$0.52/100g,0.52,100g,False,,,,,,,produce,apples,fresh_apples,packaged,,100g,0.5237045203969128,,,,,,$9.50,,,
2026-09-20,apples,Loblaws Canada,Royal Gala Apples,https://www.loblaws.ca/en/royal-gala-apples/p/20083526001_KG,,,,1.39,$6.61/1kg $3.00/1lb,6.61,kg,True,,,,,,,produce,apples,fresh_apples,loose,,100g,0.661,,,,,,about $1.39,,,
2026-09-20,apples,Loblaws Canada,Honeycrisp Apples,https://www.loblaws.ca/en/honeycrisp-apples/p/20132621001_KG,,,,2.12,$8.82/1kg $4.00/1lb,8.82,kg,True,,,,,,,produce,apples,fresh_apples,loose,,100g,0.882,,,,,,about $2.12,,,
2026-09-20,apples,Metro Canada,"Apple, Gala",https://www.metro.ca/en/online-grocery/aisles/fruits-vegetables/fruits/apples-pears/apple/p/4173,Sold individually,,,0.68,$4.39 / kg $1.99 / lb.,4.39,kg,True,sale,0.68,6.59,,,,produce,apples,fresh_apples,loose,,100g,0.439,,,,,,$0.68 avg. ea.,Regular price $6.59 / kg $2.99 / lb.,kg,
2026-09-20,apples,Metro Canada,"Apple, McIntosh",https://www.metro.ca/en/online-grocery/aisles/fruits-vegetables/fruits/apples-pears/apple/p/4152,Sold individually,,,0.75,$4.39 / kg $1.99 / lb.,4.39,kg,True,sale,0.75,6.59,,,,produce,apples,fresh_apples,loose,,100g,0.439,,,,,,$0.75 avg. ea.,Regular price $6.59 / kg $2.99 / lb.,kg,
2026-09-20,apples,Metro Canada,"Apples, Paula Red",https://www.metro.ca/en/online-grocery/aisles/fruits-vegetables/fruits/apples-pears/apples/p/033383443201,3 lb,3.0,lb,5.99,$0.44 /100 g,0.44,100g,False,,,,,,,produce,apples,fresh_apples,bagged,,100g,0.4401896501624722,,,,,,$5.99 ea.,,,
2026-09-20,apples,Metro Canada,"Bag of Apples, Ginger Gold",https://www.metro.ca/en/online-grocery/aisles/fruits-vegetables/fruits/apples-pears/bag-of-apples/p/033383098159,3 lb,3.0,lb,5.99,$0.44 /100 g,0.44,100g,False,,,,,,,produce,apples,fresh_apples,bagged,,100g,0.4401896501624722,,,,,,$5.99 ea.,,,
2026-09-20,apples,Metro Canada,"Bag of Apples, Royal Gala",https://www.metro.ca/en/online-grocery/aisles/fruits-vegetables/fruits/apples-pears/bag-of-apples/p/033383007410,3 lb,3.0,lb,5.99,$0.44 /100 g,0.44,100g,False,,,,,,,produce,apples,fresh_apples,bagged,,100g,0.4401896501624722,,,,,,$5.99 ea.,,,
2026-09-20,apples,Metro Canada,"Apple, Empire",https://www.metro.ca/en/online-grocery/aisles/fruits-vegetables/fruits/apples-pears/apple/p/4124,Sold individually,,,0.93,$5.49 / kg $2.49 / lb.,5.49,kg,True,,,,,,,produce,apples,fresh_apples,loose,,100g,0.549,,,,,,$0.93 avg. ea.,,,
2026-09-20,apples,Metro Canada,"Apple, Mutsu",https://www.metro.ca/en/online-grocery/aisles/fruits-vegetables/fruits/apples-pears/apple/p/4108,Sold individually,,,1.1,$5.49 / kg $2.49 / lb.,5.49,kg,True,,,,,,,produce,apples,fresh_apples,loose,,100g,0.549,,,,,,$1.10 avg. ea.,,,
2026-09-20,apples,Metro Canada,"Apple, Granny Smith",https://www.metro.ca/en/online-grocery/aisles/fruits-vegetables/fruits/apples-pears/apple/p/4139,Sold individually,,,1.22,$6.59 / kg $2.99 / lb.,6.59,kg,True,,,,,,,produce,apples,fresh_apples,loose,,100g,0.6589999999999999,,,,,,$1.22 avg. ea.,,,
2026-09-20,apples,Metro Canada,"Apple, Pink Cripps",https://www.metro.ca/en/online-grocery/aisles/fruits-vegetables/fruits/apples-pears/apple/p/4128,,,,1.29,$6.59 / kg $2.99 / lb.,6.59,kg,True,,,,,,,produce,apples,fresh_apples,loose,,100g,0.6589999999999999,,,,,,$1.29 avg. ea.,,,
2026-09-20,apples,Metro Canada,"Apple, Red Delicious",https://www.metro.ca/en/online-grocery/aisles/fruits-vegetables/fruits/apples-pears/apple/p/4015,Sold individually,,,1.25,$6.59 / kg $2.99 / lb.,6.59,kg,True,,,,,,,produce,apples,fresh_apples,loose,,100g,0.6589999999999999,,,,,,$1.25 avg. ea.,,,
2026-09-20,apples,Metro Canada,"Apple, Cosmic Crisp",https://www.metro.ca/en/online-grocery/aisles/fruits-vegetables/fruits/apples-pears/apple/p/3507,Sold individually,,,1.73,$7.69 / kg $3.49 / lb.,7.69,kg,True,,,,,,,produce,apples,fresh_apples,loose,,100g,0.769,,,,,,$1.73 avg. ea.,,,
2026-09-20,apples,Metro Canada,"Apple, Honeycrisp",https://www.metro.ca/en/online-grocery/aisles/fruits-vegetables/fruits/apples-pears/apple/p/3283,Sold individually,,,1.41,$8.80 / kg $3.99 / lb.,8.8,kg,True,,,,,,,produce,apples,fresh_apples,loose,,100g,0.88,,,,,,$1.41 avg. ea.,,,
2026-09-19,apples,No Frills Canada,"Naturally Imperfect Apples, 6 lb bag",https://www.nofrills.ca/en/naturally-imperfect-apples-6-lb-bag/p/20868985001_EA,2.72 kg,2.72,kg,7.0,$0.26/100g,0.26,100g,False,,,,,,,produce,apples,fresh_apples,bagged,,100g,0.2573529411764705,,,,,,,,,
2026-09-19,apples,No Frills Canada,"McIntosh Apples, 4 lb Bag",https://www.nofrills.ca/en/mcintosh-apples-4-lb-bag/p/20713211001_EA,1.81 kg,1.81,kg,4.99,$0.28/100g,0.28,100g,False,SALE,4.99,7.99,,,,produce,apples,fresh_apples,bagged,,100g,0.2756906077348066,,,,,,,,,
2026-09-19,apples,No Frills Canada,Fuji Apples,https://www.nofrills.ca/en/fuji-apples/p/20310940001_KG,,,,1.05,$4.39/1kg $1.99/1lb,4.39,kg,True,,,,,,,produce,apples,fresh_apples,loose,,100g,0.439,,,,,,,,,
2026-09-19,apples,No Frills Canada,Granny Smith Apples,https://www.nofrills.ca/en/granny-smith-apples/p/20253488001_KG,,,,1.32,$6.59/1kg $2.99/1lb,6.59,kg,True,,,,,,,produce,apples,fresh_apples,loose,,100g,0.6589999999999999,,,,,,,,,
2026-09-19,apples,No Frills Canada,Pink Lady Apples,https://www.nofrills.ca/en/pink-lady-apples/p/20093376001_KG,,,,1.38,$6.59/1kg $2.99/1lb,6.59,kg,True,,,,,,,produce,apples,fresh_apples,loose,,100g,0.6589999999999999,,,,,,,,,
2026-09-19,apples,No Frills Canada,"Gala Apples, 3 lb Bag",https://www.nofrills.ca/en/gala-apples-3-lb-bag/p/20606349001_EA,1.36 kg,1.36,kg,8.99,$0.66/100g,0.66,100g,False,,,,,,,produce,apples,fresh_apples,bagged,,100g,0.6610294117647059,,,,,,,,,
2026-09-19,apples,No Frills Canada,Apple Cosmic Crisp,https://www.nofrills.ca/en/apple-cosmic-crisp/p/21240884001_KG,,,,1.85,$7.69/1kg $3.49/1lb,7.69,kg,True,,,,,,,produce,apples,fresh_apples,loose,,100g,0.769,,,,,,,,,
2026-09-20,apples,Sobeys Canada,Paula Apples Red 3 lb,https://www.sobeys.com/products/paula-apples-red-3-lb-,3 lb,3.0,lb,2.99,$2.99 per EA,2.99,1unit,False,sale,2.99,6.99,,,,produce,apples,fresh_apples,packaged,,100g,0.2197273879775946,Structured package data reports 1 EA ($2.99 per EA); explicit title weight 3 lb was used for normalization.,,in_stock,115210.0,"Sobeys Urban Fresh Spadina — 22 Fort York Boulevard, Toronto, ON M5V 3Z2","$2.99
$6.99
SAVE
$4.00",,,Buy 2 and get 200 PTS
2026-09-20,apples,Sobeys Canada,Apples Royal Gala Bag 1.36 kg,https://www.sobeys.com/products/apples-royal-gala-bag-1%2E36-kg,1360 G ($0.22 per 100g),1360.0,g,2.99,$0.22 per 100g,0.22,100g,False,sale,2.99,8.99,,,,produce,apples,fresh_apples,bagged,,100g,0.2198529411764705,,,in_stock,72449.0,"Sobeys Urban Fresh Spadina — 22 Fort York Boulevard, Toronto, ON M5V 3Z2","$2.99
$8.99
SAVE
$6.00",,,Buy 2 and get 200 PTS
2026-09-20,apples,Sobeys Canada,Compliments Apples McIntosh 1.36 kg,https://www.sobeys.com/products/compliments-apples-mcintosh-1%2E36-kg,1360 G ($0.22 per 100g),1360.0,g,2.99,$0.22 per 100g,0.22,100g,False,sale,2.99,6.99,,,,produce,apples,fresh_apples,packaged,,100g,0.2198529411764705,,,in_stock,133597.0,"Sobeys Urban Fresh Spadina — 22 Fort York Boulevard, Toronto, ON M5V 3Z2","$2.99
$6.99
SAVE
$4.00",,,Buy 2 and get 200 PTS
2026-09-20,apples,Sobeys Canada,McIntosh Apples 3 Count,https://www.sobeys.com/products/mcintosh-apples-3-count,0.48 KG ($0.55 per 100g),,,5.49,$5.49/kg,5.49,kg,True,,,,,,,produce,apples,fresh_apples,loose,,100g,0.549,,,in_stock,7549.0,"Sobeys Urban Fresh Spadina — 22 Fort York Boulevard, Toronto, ON M5V 3Z2",$5.49/kg,,,
2026-09-20,apples,Sobeys Canada,Organic Granny Smith Apple 3 Count,https://www.sobeys.com/products/organic-granny-smith-apple-3-count,0.6 KG ($0.57 per 100g),,,5.71,$5.71/kg,5.71,kg,True,,,,,,,produce,apples,fresh_apples,loose,organic,100g,0.571,,,in_stock,94017.0,"Sobeys Urban Fresh Spadina — 22 Fort York Boulevard, Toronto, ON M5V 3Z2",$5.71/kg,,,
2026-09-20,apples,Sobeys Canada,Delicious Apples Red 1.36 kg,https://www.sobeys.com/products/delicious-apples-red-1%2E36-kg-,1360 G ($0.66 per 100g),1360.0,g,8.99,$0.66 per 100g,0.66,100g,False,,,,,,,produce,apples,fresh_apples,packaged,,100g,0.6610294117647059,,,in_stock,113400.0,"Sobeys Urban Fresh Spadina — 22 Fort York Boulevard, Toronto, ON M5V 3Z2",$8.99,,,
2026-09-20,apples,Sobeys Canada,Lil Snapper Organic Apples Gala 1.36 kg,https://www.sobeys.com/products/lil-snapper-organic-apples-gala-1%2E36-kg,1360 G ($0.73 per 100g),1360.0,g,8.99,$0.73 per 100g,0.73,100g,False,sale,8.99,9.99,,,,produce,apples,fresh_apples,packaged,organic,100g,0.6610294117647059,,,in_stock,674671.0,"Sobeys Urban Fresh Spadina — 22 Fort York Boulevard, Toronto, ON M5V 3Z2","$8.99
$9.99
SAVE
$1.00",,,
2026-09-20,apples,Sobeys Canada,Lil Snapper Organic Apples Granny 1.36 kg,https://www.sobeys.com/products/lil-snapper-organic-apples-granny-1%2E36-kg,1360 G ($0.73 per 100g),1360.0,g,8.99,$0.73 per 100g,0.73,100g,False,sale,8.99,9.99,,,,produce,apples,fresh_apples,packaged,organic,100g,0.6610294117647059,,,in_stock,674678.0,"Sobeys Urban Fresh Spadina — 22 Fort York Boulevard, Toronto, ON M5V 3Z2","$8.99
$9.99
SAVE
$1.00",,,
2026-09-20,apples,Sobeys Canada,Fuji Apple Large 3 Count,https://www.sobeys.com/products/fuji-apple-large-3-count,0.65 KG ($0.77 per 100g),,,7.69,$7.69/kg,7.69,kg,True,,,,,,,produce,apples,fresh_apples,loose,,100g,0.769,,,in_stock,457197.0,"Sobeys Urban Fresh Spadina — 22 Fort York Boulevard, Toronto, ON M5V 3Z2",$7.69/kg,,,
2026-09-20,apples,Sobeys Canada,Organic Royal Gala Apple 3 Count,https://www.sobeys.com/products/organic-royal-gala-apple-3-count,0.61 KG ($0.77 per 100g),,,7.69,$7.69/kg,7.69,kg,True,,,,,,,produce,apples,fresh_apples,loose,organic,100g,0.769,,,in_stock,160128.0,"Sobeys Urban Fresh Spadina — 22 Fort York Boulevard, Toronto, ON M5V 3Z2",$7.69/kg,,,
2026-09-20,apples,Sobeys Canada,Soluna Apples,https://www.sobeys.com/products/soluna-apples,1 KG ($0.88 per 100g),,,8.8,$8.80/kg,8.8,kg,True,,,,,,,produce,apples,fresh_apples,loose,,100g,0.88,,,in_stock,1419260.0,"Sobeys Urban Fresh Spadina — 22 Fort York Boulevard, Toronto, ON M5V 3Z2",$8.80/kg,,,
2026-09-20,apples,Sobeys Canada,Lil Snappers Organic Apples Honeycrisp 1.36 kg,https://www.sobeys.com/products/lil-snappers-organic-apples-honeycrisp-1%2E36-kg,907 G ($1.10 per 100g),907.0,g,9.99,$1.10 per 100g,1.1,100g,False,,,,,,,produce,apples,fresh_apples,packaged,organic,100g,1.101433296582139,Title package weight 1.36 kg differs from captured structured package weight 907 G ($1.10 per 100g); captured structured data was retained.,,in_stock,955452.0,"Sobeys Urban Fresh Spadina — 22 Fort York Boulevard, Toronto, ON M5V 3Z2",$9.99,,,
2026-09-18,apples,Walmart Canada,"Apple, Gala, Sold in singles, 0.13 - 0.18 KG",https://www.walmart.ca/en/ip/apple-gala/6000195494285,0.13 - 0.18 KG,,kg,0.39,22¢/100g,0.22,100g,True,,,,,,,produce,apples,fresh_apples,loose,,100g,0.22,,,,,,,,,
2026-09-18,apples,Walmart Canada,"Apple, Golden Delicious, Sold in singles, 0.13 - 0.18 KG",https://www.walmart.ca/en/ip/apple-golden-delicious/6000189882598,0.13 - 0.18 KG,,kg,0.33,22¢/100g,0.22,100g,True,,,,,,,produce,apples,fresh_apples,loose,,100g,0.22,,,,,,,,,
2026-09-18,apples,Walmart Canada,"Macintosh Apple, 3 lb Bag",https://www.walmart.ca/en/ip/macintosh-apple/6000194126173,3 lb,3.0,lb,3.98,,,,False,,,,,,,produce,apples,fresh_apples,bagged,,100g,0.2924799344986042,,,,,,,,,
2026-09-18,apples,Walmart Canada,"Royal Gala Apple, Your Fresh Market, 3 lb bag",https://www.walmart.ca/en/ip/royal-gala-apple-your-fresh-market/6000197346282,3 lb,3.0,lb,3.98,,,,False,,,,,,,produce,apples,fresh_apples,bagged,,100g,0.2924799344986042,,,,,,,,,
2026-09-18,apples,Walmart Canada,"Apples, Rave, Your Fresh Market, 1.36 kg (3 lb)",https://www.walmart.ca/en/ip/apples-rave-your-fresh-market/4Q5R36TU3DHH,3 lb,3.0,lb,4.98,,,,False,,,,,,,produce,apples,fresh_apples,packaged,,100g,0.3659673552268968,,,,,,,,,
2026-09-18,apples,Walmart Canada,"Apple, Empire, Sold in singles, 0.13 - 0.18 KG",https://www.walmart.ca/en/ip/apple-empire/6000197059538,0.13 - 0.18 KG,,kg,0.67,43¢/100g,0.43,100g,True,,,,,,,produce,apples,fresh_apples,loose,,100g,0.43,,,,,,,,,
2026-09-18,apples,Walmart Canada,"Apple, Honeycrisp, Sold in singles, 0.13 - 0.18 KG",https://www.walmart.ca/en/ip/apple-honeycrisp/6000192860450,0.13 - 0.18 KG,,kg,1.0,55¢/100g,0.55,100g,True,,,,,,,produce,apples,fresh_apples,loose,,100g,0.55,,,,,,,,,
2026-09-18,apples,Walmart Canada,"Apple, Pink Lady, Sold in singles, 0.13 - 0.18 KG",https://www.walmart.ca/en/ip/apple-pink-lady/6000197214092,0.13 - 0.18 KG,,kg,0.85,55¢/100g,0.55,100g,True,,,,,,,produce,apples,fresh_apples,loose,,100g,0.55,,,,,,,,,
2026-09-18,apples,Walmart Canada,"Your Fresh Market Organic Gala Apples, 2 lb Bag",https://www.walmart.ca/en/ip/your-fresh-market-organic-gala-apples/6000196625209,2 lb,2.0,lb,6.44,,,,False,,,,,,,produce,apples,fresh_apples,bagged,organic,100g,0.7098884842353058,,,,,,,,,
2026-09-18,apples,Walmart Canada,"Apples, Pink Lady Organic, 2lbs bag",https://www.walmart.ca/en/ip/apples-pink-lady-organic/2YCNCD230HC1,2lbs,2.0,lb,6.97,,,,False,,,,,,,produce,apples,fresh_apples,bagged,organic,100g,0.7683109837142983,,,,,,,,,
2026-09-19,bananas,Food Basics Canada,Green banana,https://www.foodbasics.ca/aisles/fruits-vegetables/fruits/bananas-plantains/green-banana/p/4231,Sold individually,,,0.29,$1.52 /kg$0.69 /lb.,1.52,kg,True,,,,,,,produce,bananas,fresh_bananas,loose,,100g,0.152,,,,,,,,,
2026-09-19,bananas,Food Basics Canada,Organic Banana,https://www.foodbasics.ca/aisles/fruits-vegetables/fruits/bananas-plantains/organic-banana/p/94011,,,,0.48,$2.54 /kg$1.15 /lb.,2.54,kg,True,,,,,,,produce,bananas,fresh_bananas,loose,organic,100g,0.254,,,,,,,,,
2026-09-19,bananas,Food Basics Canada,Thai Banana,https://www.foodbasics.ca/aisles/fruits-vegetables/vegetables/exotic-vegetables/thai-banana/p/4238,,,,3.95,$3.95 /kg$1.79 /lb.,3.95,kg,True,,,,,,,produce,bananas,fresh_bananas,loose,,100g,0.395,,,,,,,,,
2026-09-20,bananas,Loblaws Canada,"Bananas, Bunch",https://www.loblaws.ca/en/bananas-bunch/p/20175355001_KG,,,,2.25,$1.96/1kg $0.89/1lb,1.96,kg,True,,,,,,,produce,bananas,fresh_bananas,loose,,100g,0.196,,,,,,about $2.25,,,
2026-09-20,bananas,Loblaws Canada,"Organic Bananas, Bunch",https://www.loblaws.ca/en/organic-bananas-bunch/p/20139509001_KG,,,,2.64,$2.40/1kg $1.09/1lb,2.4,kg,True,,,,,,,produce,bananas,fresh_bananas,loose,organic,100g,0.24,,,,,,about $2.64,,,
2026-09-20,bananas,Loblaws Canada,"Manzano Bananas, Bunch",https://www.loblaws.ca/en/manzano-bananas-bunch/p/20649591001_KG,,,,4.21,$4.39/1kg $1.99/1lb,4.39,kg,True,,,,,,,produce,bananas,fresh_bananas,loose,,100g,0.439,,,,,,about $4.21,,,
2026-09-20,bananas,Loblaws Canada,"Mini Bananas, Bunch",https://www.loblaws.ca/en/mini-bananas-bunch/p/20033488001_KG,,,,2.17,$5.05/1kg $2.29/1lb,5.05,kg,True,,,,,,,produce,bananas,fresh_bananas,loose,,100g,0.505,,,,,,about $2.17,,,
2026-09-20,bananas,Metro Canada,Organic Banana,https://www.metro.ca/en/online-grocery/aisles/fruits-vegetables/fruits/bananas-plantains/organic-banana/p/94011,,,,0.5,$2.62 / kg $1.19 / lb.,2.62,kg,True,,,,,,,produce,bananas,fresh_bananas,loose,organic,100g,0.262,,,,,,$0.50 avg. ea.,,,
2026-09-20,bananas,Metro Canada,Thai Banana,https://www.metro.ca/en/online-grocery/aisles/fruits-vegetables/vegetables/exotic-vegetables/thai-banana/p/4238,,,,3.73,$3.73 / kg $1.69 / lb.,3.73,kg,True,,,,,,,produce,bananas,fresh_bananas,loose,,100g,0.373,,,,,,$3.73 avg. ea.,,,
2026-09-20,bananas,Metro Canada,Miniature banana,https://www.metro.ca/en/online-grocery/aisles/fruits-vegetables/fruits/bananas-plantains/miniature-banana/p/4234,Sold individually,,,0.28,$5.05 / kg $2.29 / lb.,5.05,kg,True,,,,,,,produce,bananas,fresh_bananas,loose,,100g,0.505,,,,,,$0.28 avg. ea.,,,
2026-09-19,bananas,No Frills Canada,"Bananas, Bunch",https://www.nofrills.ca/en/bananas-bunch/p/20175355001_KG,,,,1.75,$1.52/1kg $0.69/1lb,1.52,kg,True,,,,,,,produce,bananas,fresh_bananas,loose,,100g,0.152,,,,,,,,,
2026-09-19,bananas,No Frills Canada,"Organic Bananas, Bunch",https://www.nofrills.ca/en/organic-bananas-bunch/p/20139509001_KG,,,,2.64,$2.40/1kg $1.09/1lb,2.4,kg,True,,,,,,,produce,bananas,fresh_bananas,loose,organic,100g,0.24,,,,,,,,,
2026-09-20,bananas,Sobeys Canada,Bananas 1 Bunch (5 - 6 bananas),https://www.sobeys.com/products/bananas-1-bunch-(5---6-bananas),1.09 KG ($0.20 per 100g),,,1.96,$1.96/kg,1.96,kg,True,,,,,,,produce,bananas,fresh_bananas,loose,,100g,0.196,,,in_stock,7630.0,"Sobeys Urban Fresh Spadina — 22 Fort York Boulevard, Toronto, ON M5V 3Z2",$1.96/kg,,,
2026-09-18,bananas,Walmart Canada,"Banana, Sold in singles, 0.15 - 0.23 KG",https://www.walmart.ca/en/ip/banana/875806,0.15 - 0.23 KG,,kg,0.35,15¢/100g,0.15,100g,True,,,,,,,produce,bananas,fresh_bananas,loose,,100g,0.15,,,,,,,,,
2026-09-18,bananas,Walmart Canada,"Fairtrade Organic Banana, Sold in singles, 0.15 - 0.24 KG",https://www.walmart.ca/en/ip/fairtrade-organic-banana/6000191272016,0.15 - 0.24 KG,,kg,0.57,24¢/100g,0.24,100g,True,,,,,,,produce,bananas,fresh_bananas,loose,organic,100g,0.24,,,,,,,,,
2026-09-20,bananas,Loblaws Canada,"Plantains, Single",https://www.loblaws.ca/en/plantains-single/p/20111926001_KG,,,,1.46,$4.41/1kg $2.00/1lb,4.41,kg,True,,,,,,,produce,plantains,fresh_plantains,loose,,100g,0.441,,,,,,about $1.46,,,
2026-09-19,bananas,No Frills Canada,"Plantains, Single",https://www.nofrills.ca/en/plantains-single/p/20111926001_KG,,,,1.23,$3.73/1kg $1.69/1lb,3.73,kg,True,,,,,,,produce,plantains,fresh_plantains,loose,,100g,0.373,,,,,,,,,
2026-09-20,bananas,Sobeys Canada,Plantain 1 Bunch,https://www.sobeys.com/products/plantain-1-bunch,0.7 KG ($0.44 per 100g),,,4.39,$4.39/kg,4.39,kg,True,,,,,,,produce,plantains,fresh_plantains,loose,,100g,0.439,,,in_stock,8520.0,"Sobeys Urban Fresh Spadina — 22 Fort York Boulevard, Toronto, ON M5V 3Z2",$4.39/kg,,,
2026-09-18,bananas,Walmart Canada,"Plantain, Sold in Singles, 0.25 - 0.35 KG",https://www.walmart.ca/en/ip/plantain/6000196180853,0.25 - 0.35 KG,,kg,1.55,44¢/100g,0.44,100g,True,,,,,,,produce,plantains,fresh_plantains,loose,,100g,0.44,,,,,,,,,
2026-09-19,eggs,Food Basics Canada,"Large Eggs, Value Pack",https://www.foodbasics.ca/aisles/dairy-eggs/eggs/whole-eggs/large-eggs/p/059749976879,30 un,30.0,count,9.59,$0.32 /un.,0.32,1unit,False,,,,,,,dairy,eggs,large_eggs,shell,,1unit,0.3196666666666666,,,,,,,,,
2026-09-19,eggs,Food Basics Canada,Large Eggs,https://www.foodbasics.ca/aisles/dairy-eggs/eggs/whole-eggs/large-eggs/p/059749896078,18 un,18.0,count,5.92,$0.33 /un.,0.33,1unit,False,,,,,,,dairy,eggs,large_eggs,shell,,1unit,0.3288888888888889,,,,,,,,,
2026-09-19,eggs,Food Basics Canada,Large Eggs,https://www.foodbasics.ca/aisles/dairy-eggs/eggs/whole-eggs/large-eggs/p/059749896054,12 un,12.0,count,3.99,$0.33 /un.,0.33,1unit,False,,,,,,,dairy,eggs,large_eggs,shell,,1unit,0.3325,,,,,,,,,
2026-09-19,eggs,Food Basics Canada,"Large Free-Run Eggs, Naturalia",https://www.foodbasics.ca/aisles/dairy-eggs/eggs/whole-eggs/large-free-run-eggs/p/059749992220,18 un,18.0,count,8.99,$0.50 /un.,0.5,1unit,False,,,,,,,dairy,eggs,large_eggs,shell,free_run,1unit,0.4994444444444444,,,,,,,,,
2026-09-19,eggs,Food Basics Canada,"Large Free-Run Eggs, Naturalia",https://www.foodbasics.ca/aisles/dairy-eggs/eggs/whole-eggs/large-free-run-eggs/p/059749992206,12 un,12.0,count,6.09,$0.51 /un.,0.51,1unit,False,,,,,,,dairy,eggs,large_eggs,shell,free_run,1unit,0.5075,,,,,,,,,
2026-09-19,eggs,Food Basics Canada,"Large Free-Run Omega-3 Eggs, Naturalia",https://www.foodbasics.ca/aisles/dairy-eggs/eggs/whole-eggs/large-free-run-omega-3-eggs/p/059749992237,12 un,12.0,count,6.09,$6.09 /un.,6.09,1unit,False,,,,,,,dairy,eggs,large_eggs,shell,free_run|omega_3,1unit,0.5075,Listed unit price differs from the package-derived price by 12.00x; package-derived normalization was retained.,,,,,,,,
2026-09-19,eggs,Food Basics Canada,"Large Organic Brown Eggs, Free-Range",https://www.foodbasics.ca/aisles/dairy-eggs/eggs/whole-eggs/large-organic-brown-eggs/p/059749976817,12 un,12.0,count,7.99,$0.67 /un.,0.67,1unit,False,,,,,,,dairy,eggs,large_eggs,shell,organic|free_range,1unit,0.6658333333333334,,,,,,,,,
2026-09-20,eggs,Loblaws Canada,Premium Large Eggs,https://www.loblaws.ca/en/premium-large-eggs/p/20822787001_EA,18 ea,18.0,count,4.44,$0.25/1ea,0.25,1unit,False,SALE,4.44,6.98,,,,dairy,eggs,large_eggs,shell,,1unit,0.2466666666666667,,,,,,$4.44,,,SAVE $2.54
2026-09-20,eggs,Loblaws Canada,Large Size Eggs 12 Pack,https://www.loblaws.ca/en/large-size-eggs-12-pack/p/20812144001_EA,12 ea,12.0,count,3.93,$0.33/1ea,0.33,1unit,False,,,,,,,dairy,eggs,large_eggs,shell,,1unit,0.3275,,,,,,$3.93,,,
2026-09-20,eggs,Loblaws Canada,"Nature's Best White Eggs, Large",https://www.loblaws.ca/en/nature-s-best-white-eggs-large/p/20814983001_EA,12 ea,12.0,count,5.75,$0.48/1ea,0.48,1unit,False,SALE,5.75,6.21,,,,dairy,eggs,large_eggs,shell,,1unit,0.4791666666666667,,,,,,$5.75,,,SAVE $0.46
2026-09-20,eggs,Loblaws Canada,"Naturegg Nest Laid White Eggs, Large",https://www.loblaws.ca/en/naturegg-nest-laid-white-eggs-large/p/20816075001_EA,12 ea,12.0,count,5.75,$0.48/1ea,0.48,1unit,False,SALE,5.75,6.19,,,,dairy,eggs,large_eggs,shell,,1unit,0.4791666666666667,,,,,,$5.75,,,SAVE $0.44
2026-09-20,eggs,Loblaws Canada,"Free-Range Large Brown Eggs, Club Pack (30 Count)",https://www.loblaws.ca/en/free-range-large-brown-eggs-club-pack-30-count/p/21205224001_EA,30 ea,30.0,count,17.25,$0.58/1ea,0.58,1unit,False,,,,,,,dairy,eggs,large_eggs,shell,free_range,1unit,0.575,,,,,,$17.25,,,
2026-09-20,eggs,Loblaws Canada,Brown Eggs Free Run Omega-3 Size: Large,https://www.loblaws.ca/en/brown-eggs-free-run-omega-3-size-large/p/21542380001_EA,18 ea,18.0,count,10.49,$0.58/1ea,0.58,1unit,False,,,,,,,dairy,eggs,large_eggs,shell,free_run|omega_3,1unit,0.5827777777777778,,,,,,$10.49,,,
2026-09-20,eggs,Loblaws Canada,Free Run Brown Eggs Large,https://www.loblaws.ca/en/free-run-brown-eggs-large/p/20813628001_EA,12 ea,12.0,count,7.15,$0.60/1ea,0.6,1unit,False,,,,,,,dairy,eggs,large_eggs,shell,free_run,1unit,0.5958333333333333,,,,,,$7.15,,,
2026-09-20,eggs,Loblaws Canada,Organics Large Size Free-Range Brown Eggs 12 Pack,https://www.loblaws.ca/en/organics-large-size-free-range-brown-eggs-12-pack/p/20813711001_EA,12 ea,12.0,count,7.99,$0.67/1ea,0.67,1unit,False,,,,,,,dairy,eggs,large_eggs,shell,organic|free_range,1unit,0.6658333333333334,,,,,,$7.99,,,
2026-09-20,eggs,Metro Canada,Large Eggs,https://www.metro.ca/en/online-grocery/aisles/dairy-eggs/eggs/whole-eggs/large-eggs/p/059749896054,12 un,12.0,count,3.99,$0.33 / un.,0.33,1unit,False,,,,,,,dairy,eggs,large_eggs,shell,,1unit,0.3325,,,,,,$3.99 ea.,,,
2026-09-20,eggs,Metro Canada,Large Eggs,https://www.metro.ca/en/online-grocery/aisles/dairy-eggs/eggs/whole-eggs/large-eggs/p/059749896078,18 un,18.0,count,5.99,$0.33 / un.,0.33,1unit,False,,,,,,,dairy,eggs,large_eggs,shell,,1unit,0.3327777777777778,,,,,,$5.99 ea.,,,
2026-09-20,eggs,Metro Canada,"Large Eggs, Value Pack",https://www.metro.ca/en/online-grocery/aisles/dairy-eggs/eggs/whole-eggs/large-eggs/p/059749976879,30 un,30.0,count,9.99,$0.33 / un.,0.33,1unit,False,,,,,,,dairy,eggs,large_eggs,shell,,1unit,0.333,,,,,,$9.99 ea.,,,
2026-09-20,eggs,Metro Canada,"Large Omega-3 Eggs, Naturegg",https://www.metro.ca/en/online-grocery/aisles/dairy-eggs/eggs/whole-eggs/large-omega-3-eggs/p/065651003404,18 un,18.0,count,7.49,$0.42 / un.,0.42,1unit,False,sale,7.49,8.49,,,,dairy,eggs,large_eggs,shell,omega_3,1unit,0.4161111111111111,,,,,,$7.49 ea.,Regular price $8.49 ea.,,
2026-09-20,eggs,Metro Canada,"Large Eggs, Prestige",https://www.metro.ca/en/online-grocery/aisles/dairy-eggs/eggs/whole-eggs/large-eggs/p/065651000014,18 un,18.0,count,7.99,$0.44 / un.,0.44,1unit,False,,,,,,,dairy,eggs,large_eggs,shell,,1unit,0.4438888888888889,,,,,,$7.99 ea.,,,
2026-09-20,eggs,Metro Canada,"Large Eggs, Nestlaid",https://www.metro.ca/en/online-grocery/aisles/dairy-eggs/eggs/whole-eggs/large-eggs/p/065651005590,12 un,12.0,count,5.49,$0.46 / un.,0.46,1unit,False,sale,5.49,6.19,,,,dairy,eggs,large_eggs,shell,,1unit,0.4575,,,,,,$5.49 ea.,Regular price $6.19 ea.,,
2026-09-20,eggs,Metro Canada,"Large Eggs, Naturegg",https://www.metro.ca/en/online-grocery/aisles/dairy-eggs/eggs/whole-eggs/large-eggs/p/065651000229,12 un,12.0,count,5.79,$0.48 / un.,0.48,1unit,False,sale,5.79,6.29,,,,dairy,eggs,large_eggs,shell,,1unit,0.4825,,,,,,$5.79 ea.,Regular price $6.29 ea.,,
2026-09-20,eggs,Metro Canada,Large Brown Eggs,https://www.metro.ca/en/online-grocery/aisles/dairy-eggs/eggs/whole-eggs/large-brown-eggs/p/065651000120,12 un,12.0,count,6.49,$0.54 / un.,0.54,1unit,False,,,,,,,dairy,eggs,large_eggs,shell,,1unit,0.5408333333333334,,,,,,$6.49 ea.,,,
2026-09-20,eggs,Metro Canada,Large Eggs,https://www.metro.ca/en/online-grocery/aisles/dairy-eggs/eggs/whole-eggs/large-eggs/p/065651000168,6 un,6.0,count,3.49,$0.58 / un.,0.58,1unit,False,,,,,,,dairy,eggs,large_eggs,shell,,1unit,0.5816666666666667,,,,,,$3.49 ea.,,,
2026-09-20,eggs,Metro Canada,"Large Organic Brown Eggs, Free-Range",https://www.metro.ca/en/online-grocery/aisles/dairy-eggs/eggs/whole-eggs/large-organic-brown-eggs/p/059749976817,12 un,12.0,count,7.99,$0.67 / un.,0.67,1unit,False,,,,,,,dairy,eggs,large_eggs,shell,organic|free_range,1unit,0.6658333333333334,,,,,,$7.99 ea.,,,
2026-09-19,eggs,No Frills Canada,Large Size Eggs 12 Pack,https://www.nofrills.ca/en/large-size-eggs-12-pack/p/20812144001_EA,12 ea,12.0,count,3.93,$0.33/1ea,0.33,1unit,False,,,,,,,dairy,eggs,large_eggs,shell,,1unit,0.3275,,,,,,,,,
2026-09-19,eggs,No Frills Canada,Premium Large Eggs,https://www.nofrills.ca/en/premium-large-eggs/p/20822787001_EA,18 ea,18.0,count,6.98,$0.39/1ea,0.39,1unit,False,,,,,,,dairy,eggs,large_eggs,shell,,1unit,0.3877777777777778,,,,,,,,,
2026-09-19,eggs,No Frills Canada,"Nature's Best White Eggs, Large",https://www.nofrills.ca/en/nature-s-best-white-eggs-large/p/20814983001_EA,12 ea,12.0,count,5.0,$0.42/1ea,0.42,1unit,False,SALE,5.0,5.69,,,,dairy,eggs,large_eggs,shell,,1unit,0.4166666666666667,,,,,,,,,
2026-09-19,eggs,No Frills Canada,"Naturegg Nest Laid White Eggs, Large",https://www.nofrills.ca/en/naturegg-nest-laid-white-eggs-large/p/20816075001_EA,12 ea,12.0,count,5.0,$0.42/1ea,0.42,1unit,False,SALE,5.0,6.19,,,,dairy,eggs,large_eggs,shell,,1unit,0.4166666666666667,,,,,,,,,
2026-09-19,eggs,No Frills Canada,Brown Eggs Free Run Omega-3 Size: Large,https://www.nofrills.ca/en/brown-eggs-free-run-omega-3-size-large/p/21542380001_EA,18 ea,18.0,count,10.49,$0.58/1ea,0.58,1unit,False,,,,,,,dairy,eggs,large_eggs,shell,free_run|omega_3,1unit,0.5827777777777778,,,,,,,,,
2026-09-19,eggs,No Frills Canada,"Free-Range Large Brown Eggs, Club Pack (30 Count)",https://www.nofrills.ca/en/free-range-large-brown-eggs-club-pack-30-count/p/21205224001_EA,30 ea,30.0,count,17.5,$0.58/1ea,0.58,1unit,False,,,,,,,dairy,eggs,large_eggs,shell,free_range,1unit,0.5833333333333334,,,,,,,,,
2026-09-19,eggs,No Frills Canada,Free Run Brown Eggs Large,https://www.nofrills.ca/en/free-run-brown-eggs-large/p/20813628001_EA,12 ea,12.0,count,7.18,$0.60/1ea,0.6,1unit,False,,,,,,,dairy,eggs,large_eggs,shell,free_run,1unit,0.5983333333333333,,,,,,,,,
2026-09-19,eggs,No Frills Canada,Organics Large Size Free-Range Brown Eggs 12 Pack,https://www.nofrills.ca/en/organics-large-size-free-range-brown-eggs-12-pack/p/20813711001_EA,12 ea,12.0,count,7.99,$0.67/1ea,0.67,1unit,False,,,,,,,dairy,eggs,large_eggs,shell,organic|free_range,1unit,0.6658333333333334,,,,,,,,,
2026-09-20,eggs,Sobeys Canada,Compliments White Eggs Large 12 Count,https://www.sobeys.com/products/compliments-white-eggs-large-12-count,12 EA ($0.33 per EA),12.0,count,3.99,$0.33 per EA,0.33,1unit,False,,,,,,,dairy,eggs,large_eggs,shell,,1unit,0.3325,,,in_stock,437783.0,"Sobeys Urban Fresh Spadina — 22 Fort York Boulevard, Toronto, ON M5V 3Z2",$3.99,,,
2026-09-20,eggs,Sobeys Canada,Compliments White Eggs Large 30 Count,https://www.sobeys.com/products/compliments-white-eggs-large-30-count,30 EA ($0.33 per EA),30.0,count,9.99,$0.33 per EA,0.33,1unit,False,,,,,,,dairy,eggs,large_eggs,shell,,1unit,0.333,,,in_stock,627073.0,"Sobeys Urban Fresh Spadina — 22 Fort York Boulevard, Toronto, ON M5V 3Z2",$9.99,,,
2026-09-20,eggs,Sobeys Canada,Burnbrae Farms Prestige Club Pack Eggs Large Value Size 18 Count,https://www.sobeys.com/products/burnbrae-farms-prestige-club-pack-eggs-large-value-size-18-count,18 EA ($0.41 per EA),18.0,count,7.29,$0.41 per EA,0.41,1unit,False,,,,,,,dairy,eggs,large_eggs,shell,,1unit,0.405,,,in_stock,532525.0,"Sobeys Urban Fresh Spadina — 22 Fort York Boulevard, Toronto, ON M5V 3Z2",$7.29,,,
2026-09-20,eggs,Sobeys Canada,Burnbrae Farms Nestlaid Eggs Large 12 Count,https://www.sobeys.com/products/burnbrae-farms-nestlaid-eggs-large-12-count,12 EA ($0.42 per EA),12.0,count,4.99,$0.42 per EA,0.42,1unit,False,sale,4.99,6.19,,,,dairy,eggs,large_eggs,shell,,1unit,0.4158333333333333,,,in_stock,312452.0,"Sobeys Urban Fresh Spadina — 22 Fort York Boulevard, Toronto, ON M5V 3Z2","$4.99
$6.19
SAVE
$1.20",,,
2026-09-20,eggs,Sobeys Canada,Compliments Cozy Coop Eggs Large 12 Count,https://www.sobeys.com/products/compliments-cozy-coop-eggs-large-12-count,12 EA ($0.42 per EA),12.0,count,4.99,$0.42 per EA,0.42,1unit,False,sale,4.99,5.79,,,,dairy,eggs,large_eggs,shell,,1unit,0.4158333333333333,,,in_stock,840388.0,"Sobeys Urban Fresh Spadina — 22 Fort York Boulevard, Toronto, ON M5V 3Z2","$4.99
$5.79
SAVE
80¢",,,Buy 2 and get 100 PTS
2026-09-20,eggs,Sobeys Canada,Compliments Brown Eggs Large Carton 12 Count,https://www.sobeys.com/products/compliments-brown-eggs-large-carton-12-count,12 EA ($0.46 per EA),12.0,count,5.49,$0.46 per EA,0.46,1unit,False,,,,,,,dairy,eggs,large_eggs,shell,,1unit,0.4575,,,in_stock,437781.0,"Sobeys Urban Fresh Spadina — 22 Fort York Boulevard, Toronto, ON M5V 3Z2",$5.49,,,
2026-09-20,eggs,Sobeys Canada,Burnbrae Farms Nature's Best Eggs Large 12 Count,https://www.sobeys.com/products/burnbrae-farms-nature-s-best-eggs-large-12-count,12 EA ($0.52 per EA),12.0,count,6.19,$0.52 per EA,0.52,1unit,False,,,,,,,dairy,eggs,large_eggs,shell,,1unit,0.5158333333333334,,,in_stock,863607.0,"Sobeys Urban Fresh Spadina — 22 Fort York Boulevard, Toronto, ON M5V 3Z2",$6.19,,,
2026-09-20,eggs,Sobeys Canada,Burnbrae Farms Naturegg Omega 3 Brown Eggs Large 12 Count,https://www.sobeys.com/products/burnbrae-farms-naturegg-omega-3-brown-eggs-large-12-count,12 EA ($0.61 per EA),12.0,count,7.29,$0.61 per EA,0.61,1unit,False,,,,,,,dairy,eggs,large_eggs,shell,omega_3,1unit,0.6075,,,in_stock,549750.0,"Sobeys Urban Fresh Spadina — 22 Fort York Boulevard, Toronto, ON M5V 3Z2",$7.29,,,
2026-09-18,eggs,Walmart Canada,Great Value Large 12 Eggs,https://www.walmart.ca/en/ip/Great-Value-Large-12-Eggs/10052944,12 Eggs,12.0,count,3.93,,,,False,,,,,,,dairy,eggs,large_eggs,shell,,1unit,0.3275,,,,,,,,,
2026-09-18,eggs,Walmart Canada,Gray Ridge Premium Large White 18 Eggs,https://www.walmart.ca/en/ip/Gray-Ridge-Premium-Large-White-18-Eggs/6000191268613,18 Eggs,18.0,count,6.98,,,,False,,,,,,,dairy,eggs,large_eggs,shell,,1unit,0.3877777777777778,,,,,,,,,
2026-09-18,eggs,Walmart Canada,Gray Ridge Large Brown 18 Eggs,https://www.walmart.ca/en/ip/Gray-Ridge-Large-Brown-18-Eggs/6000191268641,18 Eggs,18.0,count,7.24,,,,False,,,,,,,dairy,eggs,large_eggs,shell,,1unit,0.4022222222222222,,,,,,,,,
2026-09-18,eggs,Walmart Canada,Great Value Omega-3 Large White 12 Eggs,https://www.walmart.ca/en/ip/Great-Value-Omega-3-Large-White-12-Eggs/6000196968682,12 Eggs,12.0,count,6.22,,,,False,sale,6.22,6.93,,,,dairy,eggs,large_eggs,shell,omega_3,1unit,0.5183333333333333,,,,,,,,,
2026-09-18,eggs,Walmart Canada,Conestoga Farms Free Run Omega3 Large 18 Eggs,https://www.walmart.ca/en/ip/Conestoga-Farms-Free-Run-Omega3-Large-18-Eggs/15SGVF892XRR,18 Eggs,18.0,count,9.98,,,,False,,,,,,,dairy,eggs,large_eggs,shell,free_run|omega_3,1unit,0.5544444444444445,,,,,,,,,
2026-09-18,eggs,Walmart Canada,Conestoga Farms Free Run Omega-3 Large Brown 12 Eggs,https://www.walmart.ca/en/ip/Conestoga-Farms-Free-Run-Omega-3-Large-Brown-12-Eggs/6000197453383,12 Eggs,12.0,count,7.28,,,,False,,,,,,,dairy,eggs,large_eggs,shell,free_run|omega_3,1unit,0.6066666666666667,,,,,,,,,
2026-09-18,eggs,Walmart Canada,Great Value Organic Free Run Large Brown 12 Eggs,https://www.walmart.ca/en/ip/Great-Value-Organic-Free-Run-Large-Brown-12-Eggs/6000196119460,12 Eggs,12.0,count,7.88,,,,False,,,,,,,dairy,eggs,large_eggs,shell,organic|free_run,1unit,0.6566666666666666,,,,,,,,,
2026-09-19,eggs,Food Basics Canada,"Liquid Egg Whites, Naturalia",https://www.foodbasics.ca/aisles/dairy-eggs/eggs/liquid-eggs-egg-whites/liquid-egg-whites/p/059749983631,1 kg,1.0,kg,8.99,$0.90 /100g,0.9,100g,False,,,,,,,dairy,eggs,liquid_egg_product,liquid,,100g,,,"Incompatible comparison unit for liquid_egg_product: expected 1L, found 100g.",,,,,,,
2026-09-20,cheese,Loblaws Canada,Marble Farmer's Cheese,https://www.loblaws.ca/en/marble-farmer-s-cheese/p/20975773_EA,700 g,700.0,g,10.99,$1.57/100g,1.57,100g,False,,,,,,,dairy,cheese,marble_cheese,unspecified,,100g,1.5699999999999998,,,,,,$10.99,,,
2026-09-20,cheese,Loblaws Canada,Marble Farmer's Cheese,https://www.loblaws.ca/en/marble-farmer-s-cheese/p/21289745_EA,400 g,400.0,g,6.79,$1.70/100g,1.7,100g,False,multi-buy,6.0,,2.0,6.0,6.79,dairy,cheese,marble_cheese,unspecified,,100g,1.6975,,,,,,$6.79,,,$6.00 MIN 2
2026-09-19,cheese,No Frills Canada,Marble Farmer's Cheese,https://www.nofrills.ca/en/marble-farmer-s-cheese/p/20975773_EA,700 g,700.0,g,10.0,$1.43/100g,1.43,100g,False,,,,,,,dairy,cheese,marble_cheese,unspecified,,100g,1.4285714285714286,,,,,,,,,
2026-09-19,cheese,No Frills Canada,Marble Farmer's Cheese,https://www.nofrills.ca/en/marble-farmer-s-cheese/p/21289745_EA,400 g,400.0,g,5.99,$1.50/100g,1.5,100g,False,,,,,,,dairy,cheese,marble_cheese,unspecified,,100g,1.4975,,,,,,,,,
2026-09-19,cheese,No Frills Canada,Marble Cheese Slices,https://www.nofrills.ca/en/marble-cheese-slices/p/21290705_EA,240 g,240.0,g,4.77,$1.99/100g,1.99,100g,False,,,,,,,dairy,cheese,marble_cheese,sliced,,100g,1.9874999999999996,,,,,,,,,
2026-09-19,eggs,Food Basics Canada,Medium Eggs,https://www.foodbasics.ca/aisles/dairy-eggs/eggs/whole-eggs/medium-eggs/p/059749896047,12 un,12.0,count,3.79,$0.32 /un.,0.32,1unit,False,,,,,,,dairy,eggs,medium_eggs,shell,,1unit,0.3158333333333333,,,,,,,,,
2026-09-20,eggs,Loblaws Canada,"Eggs, Medium",https://www.loblaws.ca/en/eggs-medium/p/21685186001_EA,30 ea,30.0,count,9.52,$0.32/1ea,0.32,1unit,False,,,,,,,dairy,eggs,medium_eggs,shell,,1unit,0.3173333333333333,,,,,,$9.52,,,
2026-09-20,eggs,Loblaws Canada,Medium Size Eggs 12 Pack,https://www.loblaws.ca/en/medium-size-eggs-12-pack/p/20813386001_EA,12 ea,12.0,count,3.85,$0.32/1ea,0.32,1unit,False,,,,,,,dairy,eggs,medium_eggs,shell,,1unit,0.3208333333333333,,,,,,$3.85,,,
2026-09-20,eggs,Metro Canada,Medium Eggs,https://www.metro.ca/en/online-grocery/aisles/dairy-eggs/eggs/whole-eggs/medium-eggs/p/065651000038,12 un,12.0,count,3.99,$0.33 / un.,0.33,1unit,False,,,,,,,dairy,eggs,medium_eggs,shell,,1unit,0.3325,,,,,,$3.99 ea.,,,
2026-09-19,eggs,No Frills Canada,Medium Size Eggs 12 Pack,https://www.nofrills.ca/en/medium-size-eggs-12-pack/p/20813386001_EA,12 ea,12.0,count,3.79,$0.32/1ea,0.32,1unit,False,,,,,,,dairy,eggs,medium_eggs,shell,,1unit,0.3158333333333333,,,,,,,,,
2026-09-19,eggs,No Frills Canada,"Eggs, Medium",https://www.nofrills.ca/en/eggs-medium/p/21685186001_EA,30 ea,30.0,count,9.54,$0.32/1ea,0.32,1unit,False,,,,,,,dairy,eggs,medium_eggs,shell,,1unit,0.3179999999999999,,,,,,,,,
2026-09-18,eggs,Walmart Canada,Gray Ridge Medium White 60 Eggs,https://www.walmart.ca/en/ip/Gray-Ridge-Medium-White-60-Eggs/3IH8YI1WOI5C,60 Eggs,60.0,count,17.98,,,,False,,,,,,,dairy,eggs,medium_eggs,shell,,1unit,0.2996666666666667,,,,,,,,,
2026-09-18,eggs,Walmart Canada,Great Value Medium White 30 Eggs,https://www.walmart.ca/en/ip/Great-Value-Medium-White-30-Eggs/29JQFZYPVSQ1,30 Eggs,30.0,count,9.18,,,,False,,,,,,,dairy,eggs,medium_eggs,shell,,1unit,0.306,,,,,,,,,
2026-09-19,cheese,Food Basics Canada,Pizza Mozzarella Cheese,https://www.foodbasics.ca/aisles/dairy-eggs/packaged-cheese/cheese-blocks/pizza-mozzarella-cheese/p/059749969444,400 g,400.0,g,4.88,$1.22 /100g,1.22,100g,False,sale,4.88,5.99,,,,dairy,cheese,mozzarella_cheese,unspecified,,100g,1.22,,,,,,,,,
2026-09-19,cheese,Food Basics Canada,Mozzarella Cheese,https://www.foodbasics.ca/aisles/dairy-eggs/packaged-cheese/cheese-blocks/mozzarella-cheese/p/068200885179,400 g,400.0,g,7.99,$2.00 /100g,2.0,100g,False,,,,,,,dairy,cheese,mozzarella_cheese,unspecified,,100g,1.9975,,,,,,,,,
2026-09-20,cheese,Loblaws Canada,Fresh Mozzarella Slice Ball,https://www.loblaws.ca/en/fresh-mozzarella-slice-ball/p/21547229_EA,227 g,227.0,g,8.29,$3.65/100g,3.65,100g,False,,,,,,,dairy,cheese,mozzarella_cheese,ball,,100g,3.651982378854625,,,,,,$8.29,,,
2026-09-20,cheese,Metro Canada,Pizza Mozzarella Cheese,https://www.metro.ca/en/online-grocery/aisles/dairy-eggs/packaged-cheese/cheese-blocks/pizza-mozzarella-cheese/p/059749969444,400 g,400.0,g,4.99,$1.25 /100 g,1.25,100g,False,sale,4.99,5.99,,,,dairy,cheese,mozzarella_cheese,unspecified,,100g,1.2475,,,,,,$4.99 ea.,Regular price $5.99 ea.,,
2026-09-20,cheese,Metro Canada,Mozzarella Cheese,https://www.metro.ca/en/online-grocery/aisles/dairy-eggs/packaged-cheese/cheese-blocks/mozzarella-cheese/p/068200885179,400 g,400.0,g,7.99,$2.00 /100 g,2.0,100g,False,,,,,,,dairy,cheese,mozzarella_cheese,unspecified,,100g,1.9975,,,,,,$7.99 ea.,,,
2026-09-19,cheese,No Frills Canada,Fresh Mozzarella Slice Ball,https://www.nofrills.ca/en/fresh-mozzarella-slice-ball/p/21547229_EA,227 g,227.0,g,6.99,$3.08/100g,3.08,100g,False,,,,,,,dairy,cheese,mozzarella_cheese,ball,,100g,3.079295154185022,,,,,,,,,
2026-09-19,cheese,Food Basics Canada,Cheese Spread,https://www.foodbasics.ca/aisles/pantry/cereals-spreads-syrups/cheese-savoury-spreads/cheese-spread/p/068100892314,450 g,450.0,g,3.99,$0.89 /100g,0.89,100g,False,sale,3.99,6.49,,,,dairy,cheese,processed_cheese,spread,,100g,0.8866666666666667,,,,,,,,,
2026-09-19,cheese,Food Basics Canada,Cheddar-Style Processed Cheese Slices,https://www.foodbasics.ca/aisles/dairy-eggs/packaged-cheese/sliced-cheese/cheddar-style-processed-cheese-slices/p/068200877808,410 g,410.0,g,3.88,$0.95 /100g,0.95,100g,False,sale,3.88,4.29,,,,dairy,cheese,processed_cheese,sliced,,100g,0.946341463414634,,,,,,,,,
2026-09-20,cheese,Sobeys Canada,Compliments Processed Sliced Cheese Swiss 20 Slices 400 g,https://www.sobeys.com/products/compliments-processed-sliced-cheese-swiss-20-slices-400-g,400 G ($1.32 per 100g),400.0,g,5.29,$1.32 per 100g,1.32,100g,False,,,,,,,dairy,cheese,processed_cheese,sliced,,100g,1.3225,,,in_stock,31179.0,"Sobeys Urban Fresh Spadina — 22 Fort York Boulevard, Toronto, ON M5V 3Z2",$5.29,,,
2026-09-20,eggs,Loblaws Canada,"Organic Free Range Eggs, 18 Eggs",https://www.loblaws.ca/en/organic-free-range-eggs-18-eggs/p/21572055001_EA,18 ea,18.0,count,11.49,$0.64/1ea,0.64,1unit,False,,,,,,,dairy,eggs,shell_eggs_unspecified_size,shell,organic|free_range,1unit,0.6383333333333333,,,,,,$11.49,,,
2026-09-19,bread,Food Basics Canada,Sliced White Bread,https://www.foodbasics.ca/aisles/bread-bakery-products/packaged-bread/white/sliced-white-bread/p/059749916370,675 g,675.0,g,2.48,$0.37 /100g,0.37,100g,False,,,,,,,bakery,bread,sliced_bread,sliced_loaf,,100g,0.3674074074074074,,,,,,,,,
2026-09-19,bread,Food Basics Canada,Whole Wheat Sliced Bread,https://www.foodbasics.ca/aisles/bread-bakery-products/packaged-bread/whole-wheat-grain/whole-wheat-sliced-bread/p/059749916387,675 g,675.0,g,2.48,$0.37 /100g,0.37,100g,False,,,,,,,bakery,bread,sliced_bread,sliced_loaf,whole_wheat,100g,0.3674074074074074,,,,,,,,,
2026-09-19,bread,Food Basics Canada,"Italian-Style Thick Sliced White Bread, Classico",https://www.foodbasics.ca/aisles/bread-bakery-products/packaged-bread/white/italian-style-thick-sliced-white-bread/p/068721003502,675 g,675.0,g,2.99,$0.44 /100g,0.44,100g,False,sale,2.99,4.19,,,,bakery,bread,sliced_bread,sliced_loaf,,100g,0.4429629629629629,,,,,,,,,
2026-09-19,bread,Food Basics Canada,"Sliced White Bread, Artesano",https://www.foodbasics.ca/aisles/bread-bakery-products/packaged-bread/white/sliced-white-bread/p/061077302107,600 g,600.0,g,2.99,$0.50 /100g,0.5,100g,False,sale,2.99,4.19,,,,bakery,bread,sliced_bread,sliced_loaf,,100g,0.4983333333333333,,,,,,,,,
2026-09-19,bread,Food Basics Canada,White Sliced Bread,https://www.foodbasics.ca/aisles/bread-bakery-products/packaged-bread/white/white-sliced-bread/p/068721002222,675 g,675.0,g,3.69,or $3.69 ea. $0.44 /100g,0.44,100g,False,multi-buy,3.0,,2.0,3.0,3.69,bakery,bread,sliced_bread,sliced_loaf,,100g,0.5466666666666666,,,,,,,,,
2026-09-19,bread,Food Basics Canada,Country-Style Bread,https://www.foodbasics.ca/aisles/bread-bakery-products/tortillas-flat-breads/flat-bread-naan/country-style-bread/p/029145684630,475 g,475.0,g,2.99,$0.63 /100g,0.63,100g,False,,,,,,,bakery,bread,sliced_bread,sliced_loaf,,100g,0.6294736842105264,,,,,,,,,
2026-09-19,bread,Food Basics Canada,Multigrain Bread,https://www.foodbasics.ca/aisles/bread-bakery-products/tortillas-flat-breads/flat-bread-naan/multigrain-bread/p/029145684616,475 g,475.0,g,2.99,$0.63 /100g,0.63,100g,False,,,,,,,bakery,bread,sliced_bread,sliced_loaf,,100g,0.6294736842105264,,,,,,,,,
2026-09-19,bread,Food Basics Canada,Sliced Sourdough Bread,https://www.foodbasics.ca/aisles/bread-bakery-products/tortillas-flat-breads/flat-bread-naan/sliced-sourdough-bread/p/029145684623,475 g,475.0,g,2.99,$0.63 /100g,0.63,100g,False,,,,,,,bakery,bread,sliced_bread,sliced_loaf,,100g,0.6294736842105264,,,,,,,,,
2026-09-19,bread,Food Basics Canada,Whole Grain 12 Grain Sliced Bread,https://www.foodbasics.ca/aisles/bread-bakery-products/packaged-bread/whole-wheat-grain/whole-grain-12-grain-sliced-bread/p/068721722342,600 g,600.0,g,4.19,$0.70 /100g,0.7,100g,False,,,,,,,bakery,bread,sliced_bread,sliced_loaf,whole_wheat,100g,0.6983333333333334,,,,,,,,,
2026-09-19,bread,Food Basics Canada,Rye Bread,https://www.foodbasics.ca/aisles/bread-bakery-products/packaged-bread/rye-other-grains/rye-bread/p/063004005006,500 g,500.0,g,3.99,$0.80 /100g,0.8,100g,False,,,,,,,bakery,bread,sliced_bread,sliced_loaf,,100g,0.798,,,,,,,,,
2026-09-19,bread,Food Basics Canada,Sliced White Bread,https://www.foodbasics.ca/aisles/bread-bakery-products/packaged-bread/white/sliced-white-bread/p/068721378815,600 g,600.0,g,4.99,$0.83 /100g,0.83,100g,False,,,,,,,bakery,bread,sliced_bread,sliced_loaf,,100g,0.8316666666666667,,,,,,,,,
2026-09-20,bread,Loblaws Canada,Thick Slice 100% Whole Wheat Bread,https://www.loblaws.ca/en/thick-slice-100-whole-wheat-bread/p/20322326_EA,675 g,675.0,g,4.29,$0.64/100g,0.64,100g,False,,,,,,,bakery,bread,sliced_bread,sliced_loaf,whole_wheat,100g,0.6355555555555555,,,,,,$4.29,,,
2026-09-20,bread,Loblaws Canada,Thick Slice Original White Bread,https://www.loblaws.ca/en/thick-slice-original-white-bread/p/20038335_EA,675 g,675.0,g,4.29,$0.64/100g,0.64,100g,False,,,,,,,bakery,bread,sliced_bread,sliced_loaf,,100g,0.6355555555555555,,,,,,$4.29,,,
2026-09-20,bread,Loblaws Canada,14 Grain Bread,https://www.loblaws.ca/en/14-grain-bread/p/21178642_EA,600 g,600.0,g,4.49,$0.75/100g,0.75,100g,False,,,,,,,bakery,bread,sliced_bread,sliced_loaf,,100g,0.7483333333333334,,,,,,$4.49,,,
2026-09-20,bread,Loblaws Canada,14 Grains & Protein Sliced Bread,https://www.loblaws.ca/en/14-grains-protein-sliced-bread/p/21693323_EA,600 g,600.0,g,4.49,$0.75/100g,0.75,100g,False,,,,,,,bakery,bread,sliced_bread,sliced_loaf,,100g,0.7483333333333334,,,,,,$4.49,,,
2026-09-20,bread,Loblaws Canada,Whole Grain & Protein Blend Bread,https://www.loblaws.ca/en/whole-grain-protein-blend-bread/p/21429067_EA,600 g,600.0,g,4.49,$0.75/100g,0.75,100g,False,,,,,,,bakery,bread,sliced_bread,sliced_loaf,whole_wheat,100g,0.7483333333333334,,,,,,$4.49,,,
2026-09-20,bread,Loblaws Canada,Sliced Sourdough Miche Loaf,https://www.loblaws.ca/en/sliced-sourdough-miche-loaf/p/21624691_EA,700 g,700.0,g,6.5,$0.93/100g,0.93,100g,False,,,,,,,bakery,bread,sliced_bread,sliced_loaf,,100g,0.9285714285714286,,,,,,$6.50,,,
2026-09-20,bread,Metro Canada,Sliced White Bread,https://www.metro.ca/en/online-grocery/aisles/bread-bakery-products/packaged-bread/white/sliced-white-bread/p/059749916370,675 g,675.0,g,2.48,$0.37 /100 g,0.37,100g,False,,,,,,,bakery,bread,sliced_bread,sliced_loaf,,100g,0.3674074074074074,,,,,,$2.48 ea.,,,
2026-09-20,bread,Metro Canada,"Italian-Style Thick Sliced White Bread, Classico",https://www.metro.ca/en/online-grocery/aisles/bread-bakery-products/packaged-bread/white/italian-style-thick-sliced-white-bread/p/068721003502,675 g,675.0,g,2.88,$0.43 /100 g,0.43,100g,False,sale,2.88,4.29,,,,bakery,bread,sliced_bread,sliced_loaf,,100g,0.4266666666666667,,,,,,$2.88 ea.,Regular price $4.29 ea.,,
2026-09-20,bread,Metro Canada,"Sourdough Bread, Rustico",https://www.metro.ca/en/online-grocery/aisles/bread-bakery-products/freshly-baked-bread-baguettes/rye-other-grains/sourdough-bread/p/055617551254,550 g,550.0,g,2.88,$0.52 /100 g,0.52,100g,False,sale,2.88,4.29,,,,bakery,bread,sliced_bread,sliced_loaf,,100g,0.5236363636363637,,,,,,$2.88 ea.,Regular price $4.29 ea.,,
2026-09-20,bread,Metro Canada,White Sliced Bread,https://www.metro.ca/en/online-grocery/aisles/bread-bakery-products/packaged-bread/white/white-sliced-bread/p/068721002222,675 g,675.0,g,3.99,or $3.99 ea. $0.52 /100 g,0.52,100g,False,multi-buy,3.5,4.29,2.0,3.5,3.99,bakery,bread,sliced_bread,sliced_loaf,,100g,0.5911111111111111,,,,,,2 / $7.00,Regular price $4.29 ea.,,
2026-09-20,bread,Metro Canada,Whole Wheat Sliced Bread,https://www.metro.ca/en/online-grocery/aisles/bread-bakery-products/packaged-bread/whole-wheat-grain/whole-wheat-sliced-bread/p/068721002512,675 g,675.0,g,3.99,or $3.99 ea. $0.52 /100 g,0.52,100g,False,multi-buy,3.5,4.29,2.0,3.5,3.99,bakery,bread,sliced_bread,sliced_loaf,whole_wheat,100g,0.5911111111111111,,,,,,2 / $7.00,Regular price $4.29 ea.,,
2026-09-20,bread,Metro Canada,Whole Grain 12-Grain Sliced Bread,https://www.metro.ca/en/online-grocery/aisles/bread-bakery-products/packaged-bread/whole-wheat-grain/whole-grain-12-grain-sliced-bread/p/068721722342,600 g,600.0,g,3.99,or $3.99 ea. $0.58 /100 g,0.58,100g,False,multi-buy,3.5,4.79,2.0,3.5,3.99,bakery,bread,sliced_bread,sliced_loaf,whole_wheat,100g,0.665,,,,,,2 / $7.00,Regular price $4.79 ea.,,
2026-09-20,bread,Metro Canada,Everything Loaf Bread Made with Whole Grains,https://www.metro.ca/en/online-grocery/aisles/bread-bakery-products/packaged-bread/artisan-specialty/everything-loaf-bread-made-with-whole-grains/p/060885000489,600 g,600.0,g,4.99,$0.83 /100 g,0.83,100g,False,,,,,,,bakery,bread,sliced_bread,sliced_loaf,whole_wheat,100g,0.8316666666666667,,,,,,$4.99 ea.,,,
2026-09-20,bread,Metro Canada,Flax & Quinoa Loaf Bread With 100% Whole Grain,https://www.metro.ca/en/online-grocery/aisles/bread-bakery-products/packaged-bread/artisan-specialty/flax-quinoa-loaf-bread-with-100-whole-grain/p/060885000472,600 g,600.0,g,4.99,$0.83 /100 g,0.83,100g,False,,,,,,,bakery,bread,sliced_bread,sliced_loaf,whole_wheat,100g,0.8316666666666667,,,,,,$4.99 ea.,,,
2026-09-20,bread,Metro Canada,Sliced Sourdough Bread,https://www.metro.ca/en/online-grocery/aisles/bread-bakery-products/tortillas-flat-breads/flat-bread-naan/sliced-sourdough-bread/p/029145684623,475 g,475.0,g,4.49,$0.95 /100 g,0.95,100g,False,,,,,,,bakery,bread,sliced_bread,sliced_loaf,,100g,0.9452631578947368,,,,,,$4.49 ea.,,,
2026-09-19,bread,No Frills Canada,100% Whole Wheat Bread,https://www.nofrills.ca/en/100-whole-wheat-bread/p/21509877_EA,675 g,675.0,g,2.48,$0.37/100g,0.37,100g,False,,,,,,,bakery,bread,sliced_bread,sliced_loaf,whole_wheat,100g,0.3674074074074074,,,,,,,,,
2026-09-19,bread,No Frills Canada,Original Bread,https://www.nofrills.ca/en/original-bread/p/21509822_EA,675 g,675.0,g,2.48,$0.37/100g,0.37,100g,False,,,,,,,bakery,bread,sliced_bread,sliced_loaf,,100g,0.3674074074074074,,,,,,,,,
2026-09-19,bread,No Frills Canada,White Bread,https://www.nofrills.ca/en/white-bread/p/20276296_EA,675 g,675.0,g,2.5,$0.37/100g,0.37,100g,False,,,,,,,bakery,bread,sliced_bread,sliced_loaf,,100g,0.3703703703703704,,,,,,,,,
2026-09-19,bread,No Frills Canada,Thick Slice 100% Whole Wheat Bread,https://www.nofrills.ca/en/thick-slice-100-whole-wheat-bread/p/20322326_EA,675 g,675.0,g,4.0,$0.59/100g,0.59,100g,False,,,,,,,bakery,bread,sliced_bread,sliced_loaf,whole_wheat,100g,0.5925925925925926,,,,,,,,,
2026-09-19,bread,No Frills Canada,Thick Slice Original White Bread,https://www.nofrills.ca/en/thick-slice-original-white-bread/p/20038335_EA,675 g,675.0,g,4.0,$0.59/100g,0.59,100g,False,,,,,,,bakery,bread,sliced_bread,sliced_loaf,,100g,0.5925925925925926,,,,,,,,,
2026-09-19,bread,No Frills Canada,14 Grain Bread,https://www.nofrills.ca/en/14-grain-bread/p/21178642_EA,600 g,600.0,g,4.0,$0.67/100g,0.67,100g,False,,,,,,,bakery,bread,sliced_bread,sliced_loaf,,100g,0.6666666666666667,,,,,,,,,
2026-09-19,bread,No Frills Canada,14 Grains & Protein Sliced Bread,https://www.nofrills.ca/en/14-grains-protein-sliced-bread/p/21693323_EA,600 g,600.0,g,4.0,$0.67/100g,0.67,100g,False,,,,,,,bakery,bread,sliced_bread,sliced_loaf,,100g,0.6666666666666667,,,,,,,,,
2026-09-19,bread,No Frills Canada,Whole Grain & Protein Blend Bread,https://www.nofrills.ca/en/whole-grain-protein-blend-bread/p/21429067_EA,600 g,600.0,g,4.0,$0.67/100g,0.67,100g,False,,,,,,,bakery,bread,sliced_bread,sliced_loaf,whole_wheat,100g,0.6666666666666667,,,,,,,,,
2026-09-20,bread,Sobeys Canada,Villaggio Bread Italian Style Thick Slice 100% Whole Wheat 675 g,https://www.sobeys.com/products/villaggio-bread-italian-style-thick-slice-100--whole-wheat-675-g,675 G ($0.41 per 100g),675.0,g,2.77,$0.41 per 100g,0.41,100g,False,sale,2.77,4.19,,,,bakery,bread,sliced_bread,sliced_loaf,whole_wheat,100g,0.4103703703703704,,,in_stock,567554.0,"Sobeys Urban Fresh Spadina — 22 Fort York Boulevard, Toronto, ON M5V 3Z2","$2.77
$4.19
SAVE
$1.42",,,
2026-09-20,bread,Sobeys Canada,Villaggio White Bread Classico Italian Style Thick Slice 675 g,https://www.sobeys.com/products/villaggio-white-bread-classico-italian-style-thick-slice-675-g,675 G ($0.41 per 100g),675.0,g,2.77,$0.41 per 100g,0.41,100g,False,sale,2.77,4.19,,,,bakery,bread,sliced_bread,sliced_loaf,,100g,0.4103703703703704,,,in_stock,862935.0,"Sobeys Urban Fresh Spadina — 22 Fort York Boulevard, Toronto, ON M5V 3Z2","$2.77
$4.19
SAVE
$1.42",,,
2026-09-20,bread,Sobeys Canada,Villaggio White Bread Artesano Original 600 g,https://www.sobeys.com/products/villaggio-white-bread-artesano-original-600-g,600 G ($0.46 per 100g),600.0,g,2.77,$0.46 per 100g,0.46,100g,False,sale,2.77,4.19,,,,bakery,bread,sliced_bread,sliced_loaf,,100g,0.4616666666666666,,,in_stock,684642.0,"Sobeys Urban Fresh Spadina — 22 Fort York Boulevard, Toronto, ON M5V 3Z2","$2.77
$4.19
SAVE
$1.42",,,
2026-09-20,bread,Sobeys Canada,Villaggio Bread Rustico Sourdough 550 g,https://www.sobeys.com/products/villaggio-bread-rustico-sourdough-550-g,550 G ($0.50 per 100g),550.0,g,2.77,$0.50 per 100g,0.5,100g,False,sale,2.77,4.29,,,,bakery,bread,sliced_bread,sliced_loaf,,100g,0.5036363636363637,,,in_stock,1322287.0,"Sobeys Urban Fresh Spadina — 22 Fort York Boulevard, Toronto, ON M5V 3Z2","$2.77
$4.29
SAVE
$1.52",,,
2026-09-20,bread,Sobeys Canada,Villaggio Rustico Bread Harvest Multigrain 550 g,https://www.sobeys.com/products/villaggio-rustico-bread-harvest-multigrain-550-g,550 G ($0.50 per 100g),550.0,g,2.77,$0.50 per 100g,0.5,100g,False,sale,2.77,3.99,,,,bakery,bread,sliced_bread,sliced_loaf,,100g,0.5036363636363637,,,in_stock,332444.0,"Sobeys Urban Fresh Spadina — 22 Fort York Boulevard, Toronto, ON M5V 3Z2","$2.77
$3.99
SAVE
$1.22",,,
2026-09-20,bread,Sobeys Canada,Compliments 12 Grain Bread 600 g,https://www.sobeys.com/products/compliments-12-grain-bread-600-g,600 G ($0.67 per 100g),600.0,g,3.99,$0.67 per 100g,0.67,100g,False,,,,,,,bakery,bread,sliced_bread,sliced_loaf,,100g,0.665,,,in_stock,18052.0,"Sobeys Urban Fresh Spadina — 22 Fort York Boulevard, Toronto, ON M5V 3Z2",$3.99,,,
2026-09-20,bread,Sobeys Canada,Compliments Ancient Grains Bread 600 g,https://www.sobeys.com/products/compliments-ancient-grains-bread-600-g,600 G ($0.67 per 100g),600.0,g,3.99,$0.67 per 100g,0.67,100g,False,,,,,,,bakery,bread,sliced_bread,sliced_loaf,,100g,0.665,,,in_stock,18059.0,"Sobeys Urban Fresh Spadina — 22 Fort York Boulevard, Toronto, ON M5V 3Z2",$3.99,,,
2026-09-20,bread,Sobeys Canada,Weight Watchers Bread Loaf 100% Whole Wheat 450 g,https://www.sobeys.com/products/weight-watchers-bread-loaf-100--whole-wheat-450-g,450 G ($1.06 per 100g),450.0,g,4.79,$1.06 per 100g,1.06,100g,False,sale,4.79,5.99,,,,bakery,bread,sliced_bread,sliced_loaf,whole_wheat,100g,1.0644444444444443,,,in_stock,673404.0,"Sobeys Urban Fresh Spadina — 22 Fort York Boulevard, Toronto, ON M5V 3Z2","$4.79
$5.99
SAVE
$1.20",,,
2026-09-20,bread,Sobeys Canada,Sun-Maid Bread Raisin Cinnamon Swirl 450 g,https://www.sobeys.com/products/sun-maid-bread-raisin-cinnamon-swirl-450-g,450 G ($1.11 per 100g),450.0,g,4.99,$1.11 per 100g,1.11,100g,False,sale,4.99,5.99,,,,bakery,bread,sliced_bread,sliced_loaf,,100g,1.108888888888889,,,in_stock,862855.0,"Sobeys Urban Fresh Spadina — 22 Fort York Boulevard, Toronto, ON M5V 3Z2","$4.99
$5.99
SAVE
$1.00",,,Buy 2 and get 250 PTS
2026-09-20,bread,Sobeys Canada,Schar Gluten-Free Bread Deli Style Sourdough 240 g,https://www.sobeys.com/products/schar-gluten-free-bread-deli-style-sourdough-240-g,240 G ($3.75 per 100g),240.0,g,8.99,$3.75 per 100g,3.75,100g,False,,,,,,,bakery,bread,sliced_bread,sliced_loaf,gluten_free,100g,3.7458333333333336,,,in_stock,414787.0,"Sobeys Urban Fresh Spadina — 22 Fort York Boulevard, Toronto, ON M5V 3Z2",$8.99,,,
2026-09-18,bread,Walmart Canada,"Great Value White Bread, Source of 12 Essential Nutrients, 675 g",https://www.walmart.ca/en/ip/great-value-white-bread-source-of-12-essential-nutrients-675-g/6000206630542,675 g,675.0,g,2.48,37¢/100g,0.37,100g,False,,,,,,,bakery,bread,sliced_bread,sliced_loaf,,100g,0.3674074074074074,,,,,,,,,
2026-09-18,bread,Walmart Canada,"Great Value Whole Wheat Bread, Source of 10 Essential Nutrients, 675 g",https://www.walmart.ca/en/ip/great-value-whole-wheat-bread-source-of-10-essential-nutrients-675-g/6000206630673,675 g,675.0,g,2.48,37¢/100g,0.37,100g,False,,,,,,,bakery,bread,sliced_bread,sliced_loaf,whole_wheat,100g,0.3674074074074074,,,,,,,,,
2026-09-18,bread,Walmart Canada,Dempster’s® 100% Whole Wheat Sliced Bread,https://www.walmart.ca/en/ip/dempsters-100-whole-wheat-sliced-bread/6000191268657,,,,2.68,40¢/100g,0.4,100g,False,Rollback,2.68,2.98,,,,bakery,bread,sliced_bread,sliced_loaf,whole_wheat,100g,0.4,,,,,,,,,
2026-09-18,bread,Walmart Canada,Dempster’s® White Sliced Bread,https://www.walmart.ca/en/ip/dempsters-white-sliced-bread/6000191268725,,,,2.68,40¢/100g,0.4,100g,False,Rollback,2.68,2.98,,,,bakery,bread,sliced_bread,sliced_loaf,,100g,0.4,,,,,,,,,
2026-09-18,bread,Walmart Canada,"Dempster’s® 100% Whole Grains 12 Grain Sliced Bread, 600 g",https://www.walmart.ca/en/ip/dempsters-100-whole-grains-12-grain-sliced-bread-600-g/6000191284609,600 g,600.0,g,2.88,48¢/100g,0.48,100g,False,Rollback,2.88,3.68,,,,bakery,bread,sliced_bread,sliced_loaf,whole_wheat,100g,0.48,,,,,,,,,
2026-09-18,bread,Walmart Canada,ACE Bakery® Classic White Bistro Loaf,https://www.walmart.ca/en/ip/ace-bakery-classic-white-bistro-loaf/2OQJOHWYRQKD,,,,4.87,82¢/100g,0.82,100g,False,,,,,,,bakery,bread,sliced_bread,sliced_loaf,,100g,0.82,,,,,,,,,
2026-09-18,bread,Walmart Canada,Stonemill® Bakehouse  Sourdough Bread,https://www.walmart.ca/en/ip/stonemill-bakehouse-sourdough-bread/6000208313757,,,,4.97,90¢/100g,0.9,100g,False,,,,,,,bakery,bread,sliced_bread,sliced_loaf,,100g,0.9,,,,,,,,,
2026-09-18,bread,Walmart Canada,Stonemill® Authentic Sourdough Rye Multigrain Sliced Bread,https://www.walmart.ca/en/ip/stonemill-authentic-sourdough-rye-multigrain-sliced-bread/6000197288819,,,,5.48,$1.00/100g,1.0,100g,False,,,,,,,bakery,bread,sliced_bread,sliced_loaf,,100g,1.0,,,,,,,,,
2026-09-18,bread,Walmart Canada,"Stonemill® Honest Wellness Sprouted Rye & 12 Grains Sliced Bread, 454 g",https://www.walmart.ca/en/ip/stonemill-honest-wellness-sprouted-rye-12-grains-sliced-bread-454-g/6000197290251,454 g,454.0,g,5.48,$1.21/100g,1.21,100g,False,,,,,,,bakery,bread,sliced_bread,sliced_loaf,,100g,1.2070484581497798,,,,,,,,,
2026-09-19,cheese,Food Basics Canada,Swiss Cheese,https://www.foodbasics.ca/aisles/dairy-eggs/packaged-cheese/cheese-blocks/swiss-cheese/p/059749962421,400 g,400.0,g,4.88,$1.22 /100g,1.22,100g,False,sale,4.88,5.99,,,,dairy,cheese,swiss_cheese,unspecified,,100g,1.22,,,,,,,,,
2026-09-20,cheese,Sobeys Canada,Le Superbe Swiss Gruyere Switzerland Cheese,https://www.sobeys.com/products/le-superbe-swiss-gruyere-switzerland-cheese,1 KG ($7.79 per 100g),,,77.9,$77.90/kg,77.9,kg,True,,,,,,,dairy,cheese,swiss_cheese,unspecified,,100g,7.790000000000001,,,in_stock,244460.0,"Sobeys Urban Fresh Spadina — 22 Fort York Boulevard, Toronto, ON M5V 3Z2",$77.90/kg,,,
2026-09-19,eggs,Food Basics Canada,Quail Eggs,https://www.foodbasics.ca/aisles/dairy-eggs/eggs/whole-eggs/quail-eggs/p/883084100701,18 un,18.0,count,3.49,$0.19 /un.,0.19,1unit,False,sale,3.49,3.99,,,,unknown,unknown,unsupported,unknown,,1unit,0.1938888888888889,,,,,,,,,
2026-09-19,bananas,Food Basics Canada,Banana Leaf,https://www.foodbasics.ca/aisles/fruits-vegetables/fruits/bananas-plantains/banana-leaf/p/4232,,,,0.66,$6.57 /kg$2.98 /lb.,6.57,kg,True,,,,,,,unknown,unknown,unsupported,unknown,,100g,0.657,,,,,,,,,
2026-09-19,apples,Food Basics Canada,"Apple Cinnamon Cereal, Value Pack",https://www.foodbasics.ca/aisles/pantry/cereals-spreads-syrups/family-cereals/apple-cinnamon-cereal/p/065633134188,778 g,778.0,g,6.99,$0.90 /100g,0.9,100g,False,,,,,,,unknown,unknown,unsupported,unknown,,100g,0.8984575835475579,,,,,,,,,
2026-09-19,bread,Food Basics Canada,Frozen Garlic Bread,https://www.foodbasics.ca/aisles/frozen/bakery/bread-baked-goods/frozen-garlic-bread/p/059749896276,330 g,330.0,g,2.99,$0.91 /100g,0.91,100g,False,,,,,,,unknown,unknown,unsupported,unknown,,100g,0.906060606060606,,,,,,,,,
2026-09-19,bananas,Food Basics Canada,Frozen Strawberries and Bananas,https://www.foodbasics.ca/aisles/frozen/fruit-vegetables/fruit/frozen-strawberries-and-bananas/p/059749983983,600 g,600.0,g,5.49,$0.92 /100g,0.92,100g,False,,,,,,,unknown,unknown,unsupported,unknown,,100g,0.915,,,,,,,,,
2026-09-19,apples,Food Basics Canada,"Baked Apples Cookies, Bear Paws",https://www.foodbasics.ca/aisles/snacks/sweet-snacks-candy/cookies-cakes/baked-apples-cookies/p/063348008893,210 g,210.0,g,1.98,$0.94 /100g,0.94,100g,False,sale,1.98,3.99,,,,unknown,unknown,unsupported,unknown,,100g,0.9428571428571428,,,,,,,,,
2026-09-19,bananas,Food Basics Canada,2% Banana Greek Yogurt,https://www.foodbasics.ca/aisles/dairy-eggs/yogurt/greek-yogurts/2-banana-greek-yogurt/p/056800186246,4x100 g,400.0,g,3.99,$1.00 /100g,1.0,100g,False,sale,3.99,4.99,,,,unknown,unknown,unsupported,unknown,,100g,0.9975000000000002,,,,,,,,,
2026-09-19,bananas,Food Basics Canada,Sliced Banana & Nut Cake,https://www.foodbasics.ca/aisles/bread-bakery-products/desserts-pastries/cakes/sliced-banana-nut-cake/p/059072052806,400 g,400.0,g,3.99,$1.00 /100g,1.0,100g,False,sale,3.99,4.99,,,,unknown,unknown,unsupported,unknown,,100g,0.9975000000000002,,,,,,,,,
2026-09-19,bananas,Food Basics Canada,"Chocolate Chip Banana Muffins, Value Pack",https://www.foodbasics.ca/aisles/bread-bakery-products/muffins-bagels-baked-goods/muffins/chocolate-chip-banana-muffins/p/059749943413,6 un - 600 g,600.0,g,6.79,$1.13 /100g,1.13,100g,False,,,,,,,unknown,unknown,unsupported,unknown,,100g,1.1316666666666668,,,,,,,,,
2026-09-19,bananas,Food Basics Canada,Banana Bread Molasses Cookies,https://www.foodbasics.ca/aisles/snacks/sweet-snacks-candy/cookies-cakes/banana-bread-molasses-cookies/p/063348080905,490 g,490.0,g,6.99,$1.43 /100g,1.43,100g,False,,,,,,,unknown,unknown,unsupported,unknown,,100g,1.426530612244898,,,,,,,,,
2026-09-19,eggs,Food Basics Canada,"Hard Boiled Peeled Eggs, Eggs2go!",https://www.foodbasics.ca/aisles/dairy-eggs/eggs/whole-eggs/hard-boiled-peeled-eggs/p/065651024232,264 g,264.0,g,4.49,$1.70 /100g,1.7,100g,False,sale,4.49,5.49,,,,unknown,unknown,unsupported,unknown,,100g,1.700757575757576,,,,,,,,,
2026-09-19,chicken breast,Food Basics Canada,Cooked Chicken Breast,https://www.foodbasics.ca/aisles/deli-prepared-meals/deli-meats/turkey-chicken/cooked-chicken-breast/p/069401074164,300 g,300.0,g,6.49,$2.16 /100g,2.16,100g,False,,,,,,,unknown,unknown,unsupported,unknown,,100g,2.1633333333333336,,,,,,,,,
2026-09-19,chicken breast,Food Basics Canada,Fully Coocked Chicken Breast Slices,https://www.foodbasics.ca/aisles/deli-prepared-meals/ready-meals-sides/meat-meals/fully-coocked-chicken-breast-slices/p/829854152129,600 g,600.0,g,12.99,$2.17 /100g,2.17,100g,False,,,,,,,unknown,unknown,unsupported,unknown,,100g,2.165,,,,,,,,,
2026-09-19,bananas,Food Basics Canada,"Baby Cereals, Rice & Banana, Stage 2",https://www.foodbasics.ca/aisles/baby/food-formula/cereal/baby-cereals-rice-banana/p/065000138122,227 g,227.0,g,5.99,$0.03 /g,0.03,g,False,,,,,,,unknown,unknown,unsupported,unknown,,100g,2.6387665198237884,,,,,,,,,
2026-09-19,bananas,Food Basics Canada,"Oat Banana Mango Baby Cereal, Stage 3",https://www.foodbasics.ca/aisles/baby/food-formula/cereal/oat-banana-mango-baby-cereal/p/065000133615,227 g,227.0,g,5.99,$2.64 /100g,2.64,100g,False,,,,,,,unknown,unknown,unsupported,unknown,,100g,2.6387665198237884,,,,,,,,,
2026-09-19,chicken breast,Food Basics Canada,"Chicken Breast Souvlaki, Value Pack",https://www.foodbasics.ca/aisles/meat-poultry/marinated-prepared-meat/kabob/chicken-breast-souvlaki/p/627907159251,480 g - 8 souvlakis,480.0,g,14.49,$3.02 /100g,3.02,100g,False,,,,,,,unknown,unknown,unsupported,unknown,,100g,3.01875,,,,,,,,,
2026-09-19,bananas,Food Basics Canada,Strawberry and Banana Flavoured Smoothie,https://www.foodbasics.ca/aisles/beverages/juices-drinks/smoothies-nectars/strawberry-and-banana-flavoured-smoothie/p/071464270605,946 mL,946.0,ml,3.99,$0.42 /100ml,0.42,100ml,False,sale,3.99,6.99,,,,unknown,unknown,unsupported,unknown,,1L,4.217758985200846,,,,,,,,,
2026-09-20,apples,Loblaws Canada,Cheerios Cereal Apple Cinnamon Family Size,https://www.loblaws.ca/en/cheerios-cereal-apple-cinnamon-family-size/p/21103509_EA,778 g,778.0,g,5.0,$0.64/100g,0.64,100g,False,SALE,5.0,7.99,,,,unknown,unknown,unsupported,unknown,,100g,0.6426735218508998,,,,,,$5.00,,,SAVE $2.99
2026-09-20,bananas,Loblaws Canada,Tubes Yogurt Vanilla Flavour 1% M.F.,https://www.loblaws.ca/en/tubes-yogurt-vanilla-flavour-1-m-f/p/21547571_EA,448 g,448.0,g,4.49,$1.00/100g,1.0,100g,False,multi-buy,3.5,,2.0,3.5,4.49,unknown,unknown,unsupported,unknown,,100g,1.0022321428571428,,,,,,$4.49,,,$3.50 MIN 2
2026-09-20,chicken breast,Loblaws Canada,Halal Chicken Wieners,https://www.loblaws.ca/en/halal-chicken-wieners/p/21670026_EA,375 g,375.0,g,4.0,$1.07/100g,1.07,100g,False,,,,,,,unknown,unknown,unsupported,unknown,,100g,1.0666666666666669,,,,,,$4.00,,,
2026-09-20,bread,Loblaws Canada,Rosemary Focaccia,https://www.loblaws.ca/en/rosemary-focaccia/p/21596086_EA,560 g,560.0,g,6.0,$1.07/100g,1.07,100g,False,,,,,,,unknown,unknown,unsupported,unknown,,100g,1.0714285714285714,,,,,,$6.00,,,
2026-09-20,bread,Loblaws Canada,Salted Plant Butter Sticks,https://www.loblaws.ca/en/salted-plant-butter-sticks/p/21088919_EA,454 g,454.0,g,5.49,$1.21/100g,1.21,100g,False,,,,,,,unknown,unknown,unsupported,unknown,,100g,1.209251101321586,,,,,,$5.49,,,
2026-09-20,bread,Loblaws Canada,"Chef's Signature with 8% Clarified Butter, Salted",https://www.loblaws.ca/en/chef-s-signature-with-8-clarified-butter-salted/p/21747634_EA,454 g,454.0,g,6.99,$1.54/100g,1.54,100g,False,,,,,,,unknown,unknown,unsupported,unknown,,100g,1.539647577092511,,,,,,$6.99,,,
2026-09-20,pasta,Loblaws Canada,White Cheddar Macaroni & Cheese,https://www.loblaws.ca/en/white-cheddar-macaroni-cheese/p/21549555_EA,175 g,175.0,g,2.99,$1.71/100g,1.71,100g,False,multi-buy,2.5,,2.0,2.5,2.99,unknown,unknown,unsupported,unknown,,100g,1.7085714285714286,,,,,,$2.99,,,$2.50 MIN 2
2026-09-20,chicken breast,Loblaws Canada,Extra Lean Boneless Skinless Chicken Cutlets,https://www.loblaws.ca/en/extra-lean-boneless-skinless-chicken-cutlets/p/21662465_EA,590 g,590.0,g,13.0,$2.17/100g,2.17,100g,False,,,,,,,unknown,unknown,unsupported,unknown,,100g,2.2033898305084745,,,,,,$13.00,,,
2026-09-20,chicken breast,Loblaws Canada,Spicy Chicken Burgers,https://www.loblaws.ca/en/spicy-chicken-burgers/p/21741185_EA,600 g,600.0,g,15.0,$2.50/100g,2.5,100g,False,,,,,,,unknown,unknown,unsupported,unknown,,100g,2.5,,,,,,$15.00,,,
2026-09-20,apples,Loblaws Canada,Gerber Multigrain Apples & Oranges Baby Cereal,https://www.loblaws.ca/en/gerber-multigrain-apples-oranges-baby-cereal/p/20574634001_EA,227 g,227.0,g,5.99,$2.64/100g,2.64,100g,False,multi-buy,5.5,,2.0,5.5,5.99,unknown,unknown,unsupported,unknown,,100g,2.6387665198237884,,,,,,$5.99,,,$5.50 MIN 2
2026-09-20,bananas,Loblaws Canada,Gerber Stage 2 Wheat Banana Strawberry Baby Cereal,https://www.loblaws.ca/en/gerber-stage-2-wheat-banana-strawberry-baby-cereal/p/20962127_EA,227 g,227.0,g,5.99,$2.64/100g,2.64,100g,False,multi-buy,5.5,,2.0,5.5,5.99,unknown,unknown,unsupported,unknown,,100g,2.6387665198237884,,,,,,$5.99,,,$5.50 MIN 2
2026-09-20,apples,Loblaws Canada,Gerber Stage 3 Multigrain Yogurt Apple Pear Banana Baby Cereal,https://www.loblaws.ca/en/gerber-stage-3-multigrain-yogurt-apple-pear-banana/p/20358339002_EA,227 g,227.0,g,5.99,$2.64/100g,2.64,100g,False,multi-buy,5.5,,2.0,5.5,5.99,unknown,unknown,unsupported,unknown,,100g,2.6387665198237884,,,,,,$5.99,,,$5.50 MIN 2
2026-09-20,bananas,Loblaws Canada,Gerber Stage 3 Oat Banana Mango Baby Cereal,https://www.loblaws.ca/en/gerber-stage-3-oat-banana-mango-baby-cereal/p/21024946_EA,227 g,227.0,g,5.99,$2.64/100g,2.64,100g,False,multi-buy,5.5,,2.0,5.5,5.99,unknown,unknown,unsupported,unknown,,100g,2.6387665198237884,,,,,,$5.99,,,$5.50 MIN 2
2026-09-20,cheese,Loblaws Canada,Dairy Free Cheddar Cheese Slices,https://www.loblaws.ca/en/dairy-free-cheddar-cheese-slices/p/21339330_EA,200 g,200.0,g,6.49,$3.25/100g,3.25,100g,False,,,,,,,unknown,unknown,unsupported,sliced,dairy_free,100g,3.245,,,,,,$6.49,,,
2026-09-20,cheese,Loblaws Canada,Dairy Free Feta Cheese,https://www.loblaws.ca/en/dairy-free-feta-cheese/p/21426396_EA,200 g,200.0,g,6.49,$3.25/100g,3.25,100g,False,,,,,,,unknown,unknown,unsupported,unspecified,dairy_free,100g,3.245,,,,,,$6.49,,,
2026-09-20,cheese,Loblaws Canada,Dairy Free Mature Cheddar Cheese Slices,https://www.loblaws.ca/en/dairy-free-mature-cheddar-cheese-slices/p/21339319_EA,200 g,200.0,g,6.49,$3.25/100g,3.25,100g,False,,,,,,,unknown,unknown,unsupported,sliced,dairy_free,100g,3.245,,,,,,$6.49,,,
2026-09-20,pasta,Loblaws Canada,Dairy Free Mozzarella Cheese Shreds,https://www.loblaws.ca/en/dairy-free-mozzarella-cheese-shreds/p/21591969_EA,200 g,200.0,g,6.49,$3.25/100g,3.25,100g,False,,,,,,,unknown,unknown,unsupported,shredded,dairy_free,100g,3.245,,,,,,$6.49,,,
2026-09-20,cheese,Loblaws Canada,Dairy Free Smoked Provolone Slices,https://www.loblaws.ca/en/dairy-free-smoked-provolone-slices/p/21339317_EA,200 g,200.0,g,6.49,$3.25/100g,3.25,100g,False,,,,,,,unknown,unknown,unsupported,unknown,,100g,3.245,,,,,,$6.49,,,
2026-09-20,bananas,Loblaws Canada,"Gerber Organic Wheat & Wholegrain Oat Banana, Baby Cereal",https://www.loblaws.ca/en/gerber-organic-wheat-wholegrain-oat-banana-baby-ce/p/21121781_EA,208 g,208.0,g,6.99,$3.36/100g,3.36,100g,False,multi-buy,5.5,,2.0,5.5,6.99,unknown,unknown,unsupported,unknown,,100g,3.360576923076923,,,,,,$6.99,,,$5.50 MIN 2
2026-09-20,chicken breast,Loblaws Canada,Italiano One Step Seasoning,https://www.loblaws.ca/en/italiano-one-step-seasoning/p/20118736_EA,510 g,510.0,g,17.99,$3.53/100g,3.53,100g,False,,,,,,,unknown,unknown,unsupported,unknown,,100g,3.5274509803921563,,,,,,$17.99,,,
2026-09-20,apples,Loblaws Canada,Gerber Lil’ Crunchies Apple Sweet Potato Flavour,https://www.loblaws.ca/en/gerber-lil-crunchies-apple-sweet-potato-flavour/p/20782964_EA,42 g,42.0,g,3.99,$9.50/100g,9.5,100g,False,multi-buy,3.0,,2.0,3.0,3.99,unknown,unknown,unsupported,unknown,,100g,9.5,,,,,,$3.99,,,$3.00 MIN 2
2026-09-20,apples,Loblaws Canada,"Gerber Lil’ Crunchies Mild Cheddar Flavour Toddler Snacks, 12 Months & Up",https://www.loblaws.ca/en/gerber-lil-crunchies-mild-cheddar-flavour-toddler/p/20304618007_EA,42 g,42.0,g,3.99,$9.50/100g,9.5,100g,False,multi-buy,3.0,,2.0,3.0,3.99,unknown,unknown,unsupported,unknown,,100g,9.5,,,,,,$3.99,,,$3.00 MIN 2
2026-09-20,bananas,Loblaws Canada,"Gerber Puffs, Banana Flavour, Snack for Babies 8 Mo & Up",https://www.loblaws.ca/en/gerber-puffs-banana-flavour-snack-for-babies-8-mo/p/20304618002_EA,42 g,42.0,g,3.99,$9.50/100g,9.5,100g,False,multi-buy,3.0,,2.0,3.0,3.99,unknown,unknown,unsupported,unknown,,100g,9.5,,,,,,$3.99,,,$3.00 MIN 2
2026-09-20,apples,Loblaws Canada,"Gerber Puffs, Strawberry & Apple Flavour, Baby Snack",https://www.loblaws.ca/en/gerber-puffs-strawberry-apple-flavour-baby-snack/p/20304618003_EA,42 g,42.0,g,3.99,$9.50/100g,9.5,100g,False,multi-buy,3.0,,2.0,3.0,3.99,unknown,unknown,unsupported,unknown,,100g,9.5,,,,,,$3.99,,,$3.00 MIN 2
2026-09-20,apples,Loblaws Canada,Apple Pie Spice,https://www.loblaws.ca/en/apple-pie-spice/p/21104061_EA,38 g,38.0,g,6.49,$17.08/100g,17.08,100g,False,,,,,,,unknown,unknown,unsupported,unknown,,100g,17.07894736842105,,,,,,$6.49,,,
2026-09-20,bananas,Loblaws Canada,Gerber Organic Yogurt Melts Strawberry Banana Toddler Snack,https://www.loblaws.ca/en/gerber-organic-yogurt-melts-strawberry-banana-todd/p/21097185_EA,28 g,28.0,g,5.29,$18.89/100g,18.89,100g,False,multi-buy,4.0,,2.0,4.0,5.29,unknown,unknown,unsupported,unknown,,100g,18.892857142857142,,,,,,$5.29,,,$4.00 MIN 2
2026-09-20,bananas,Metro Canada,Frozen Strawberries and Bananas,https://www.metro.ca/en/online-grocery/aisles/frozen/fruit-vegetables/fruit/frozen-strawberries-and-bananas/p/059749983983,600 g,600.0,g,5.99,$1.00 /100 g,1.0,100g,False,sale,5.99,6.49,,,,unknown,unknown,unsupported,unknown,,100g,0.9983333333333334,,,,,,$5.99 ea.,Regular price $6.49 ea.,,
2026-09-20,bananas,Metro Canada,2% Banana Skyr Yogurt,https://www.metro.ca/en/online-grocery/aisles/dairy-eggs/yogurt/yogurt-tubs/2-banana-skyr-yogurt/p/068200325026,650 g,650.0,g,6.49,$1.00 /100 g,1.0,100g,False,sale,6.49,8.99,,,,unknown,unknown,unsupported,unknown,,100g,0.9984615384615384,,,,,,$6.49 ea.,Regular price $8.99 ea.,,
2026-09-20,bread,Metro Canada,Garlic Bread Loaf,https://www.metro.ca/en/online-grocery/aisles/bread-bakery-products/freshly-baked-bread-baguettes/fresh-loaves-breads/garlic-bread-loaf/p/247025,468 g,468.0,g,4.69,$1.00 /100 g,1.0,100g,False,,,,,,,unknown,unknown,unsupported,unknown,,100g,1.002136752136752,,,,,,$4.69 ea.,,,
2026-09-20,bread,Metro Canada,Naan Bread,https://www.metro.ca/en/online-grocery/aisles/bread-bakery-products/tortillas-flat-breads/flat-bread-naan/naan-bread/p/059749900898,2x120 g,240.0,g,3.29,$1.37 /100 g,1.37,100g,False,,,,,,,unknown,unknown,unsupported,unknown,,100g,1.3708333333333331,,,,,,$3.29 ea.,,,
2026-09-20,bananas,Metro Canada,"Baby Cereals, Rice & Banana, Stage 2",https://www.metro.ca/en/online-grocery/aisles/baby/food-formula/cereal/baby-cereals-rice-banana/p/065000138122,227 g,227.0,g,6.49,$0.03 / g,0.03,g,False,,,,,,,unknown,unknown,unsupported,unknown,,100g,2.859030837004405,,,,,,$6.49 ea.,,,
2026-09-20,bananas,Metro Canada,"Multigrain, Yogurt, Apple, Pear and Banana Baby Cereal, 8+ Months",https://www.metro.ca/en/online-grocery/aisles/baby/food-formula/cereal/multigrain-yogurt-apple-pear-and-banana-baby-cereal/p/065000684452,227 g,227.0,g,6.49,$2.86 /100 g,2.86,100g,False,,,,,,,unknown,unknown,unsupported,unknown,,100g,2.859030837004405,,,,,,$6.49 ea.,,,
2026-09-20,bananas,Metro Canada,"Oat Banana Mango Baby Cereal, Stage 3",https://www.metro.ca/en/online-grocery/aisles/baby/food-formula/cereal/oat-banana-mango-baby-cereal/p/065000133615,227 g,227.0,g,6.49,$2.86 /100 g,2.86,100g,False,,,,,,,unknown,unknown,unsupported,unknown,,100g,2.859030837004405,,,,,,$6.49 ea.,,,
2026-09-20,chicken breast,Metro Canada,Cajun Chicken Breast Roast,https://www.metro.ca/en/online-grocery/aisles/meat-poultry/chicken-turkey/whole-roasting/cajun-chicken-breast-roast/p/221516,,,,2.99,$29.90 / kg $13.56 / lb.,29.9,kg,True,sale,2.99,44.9,,,,unknown,unknown,unsupported,unknown,,100g,2.99,,,,,,$2.99 / 100 g,Regular price $44.90 / kg $20.37 / lb.,kg,
2026-09-20,bananas,Metro Canada,Chocolate-Banana Soft Baked Mini Cookies,https://www.metro.ca/en/online-grocery/aisles/snacks/sweet-snacks-candy/cookies-cakes/chocolate-banana-soft-baked-mini-cookies/p/687456283111,5x24 g - 120 g,120.0,g,3.99,$3.32 /100 g,3.32,100g,False,sale,3.99,4.99,,,,unknown,unknown,unsupported,unknown,,100g,3.325,,,,,,$3.99 ea.,Regular price $4.99 ea.,,
2026-09-20,chicken breast,Metro Canada,Oven Roasted Chicken Breast Strips,https://www.metro.ca/en/online-grocery/aisles/deli-prepared-meals/deli-meats/turkey-chicken/oven-roasted-chicken-breast-strips/p/063100499310,250 g,250.0,g,8.99,$3.60 /100 g,3.6,100g,False,sale,8.99,9.99,,,,unknown,unknown,unsupported,unknown,,100g,3.596,,,,,,$8.99 ea.,Regular price $9.99 ea.,,
2026-09-20,bananas,Metro Canada,Strawberry and Banana Flavoured Smoothie,https://www.metro.ca/en/online-grocery/aisles/beverages/juices-drinks/smoothies-nectars/strawberry-and-banana-flavoured-smoothie/p/071464270605,946 mL,946.0,ml,5.99,$0.63 /100 ml,0.63,100ml,False,sale,5.99,7.49,,,,unknown,unknown,unsupported,unknown,,1L,6.331923890063425,,,,,,$5.99 ea.,Regular price $7.49 ea.,,
2026-09-20,bananas,Metro Canada,"Banana Ice Cream with Fudge Chunks and Walnuts, Chunky Monkey",https://www.metro.ca/en/online-grocery/aisles/frozen/ice-cream-treats/ice-cream/banana-ice-cream-with-fudge-chunks-and-walnuts/p/058779144524,473 mL,473.0,ml,5.99,$1.27 /100 ml,1.27,100ml,False,sale,5.99,7.49,,,,unknown,unknown,unsupported,unknown,,1L,12.66384778012685,,,,,,$5.99 ea. +tx,Regular price $7.49 ea.,,
2026-09-20,bananas,Metro Canada,2% Banana Greek Yogurt,https://www.metro.ca/en/online-grocery/aisles/dairy-eggs/yogurt/greek-yogurts/2-banana-greek-yogurt/p/056800186246,4x100 g,400.0,g,,$0.92 /100 g,0.92,100g,False,multi-buy,3.66,,3.0,3.66,,unknown,unknown,unsupported,unknown,,100g,,,Multi-buy listing has no explicit single-item price; unconditional price cannot be normalized.,,,,3 / $10.98,,,
2026-09-19,apples,No Frills Canada,Cheerios Cereal Apple Cinnamon Family Size,https://www.nofrills.ca/en/cheerios-cereal-apple-cinnamon-family-size/p/21103509_EA,778 g,778.0,g,4.87,$0.63/100g,0.63,100g,False,SALE,4.87,5.5,,,,unknown,unknown,unsupported,unknown,,100g,0.6259640102827764,,,,,,,,,
2026-09-19,apples,No Frills Canada,"Fruit Sauce, Apple Apple 4P",https://www.nofrills.ca/en/fruit-sauce-apple-apple-4p/p/20322697002_EA,4x90.0 g,360.0,g,3.0,$0.83/100g,0.83,100g,False,SALE,3.0,3.5,,,,unknown,unknown,unsupported,unknown,,100g,0.8333333333333334,,,,,,,,,
2026-09-19,apples,No Frills Canada,"Fruit Sauce, Apple Strawberry 4P",https://www.nofrills.ca/en/fruit-sauce-apple-strawberry-4p/p/20322697001_EA,4x90.0 g,360.0,g,3.0,$0.83/100g,0.83,100g,False,SALE,3.0,3.5,,,,unknown,unknown,unsupported,unknown,,100g,0.8333333333333334,,,,,,,,,
2026-09-19,chicken breast,No Frills Canada,Halal Chicken Wieners,https://www.nofrills.ca/en/halal-chicken-wieners/p/21670026_EA,375 g,375.0,g,3.29,$0.88/100g,0.88,100g,False,,,,,,,unknown,unknown,unsupported,unknown,,100g,0.8773333333333333,,,,,,,,,
2026-09-19,bananas,No Frills Canada,Banana - Sliced,https://www.nofrills.ca/en/banana-sliced/p/21289947_EA,600 g,600.0,g,5.5,$0.92/100g,0.92,100g,False,,,,,,,unknown,unknown,unsupported,unknown,,100g,0.9166666666666666,,,,,,,,,
2026-09-19,eggs,No Frills Canada,Unsalted Plant Butter Sticks,https://www.nofrills.ca/en/unsalted-plant-butter-sticks/p/21088940_EA,454 g,454.0,g,5.0,$1.10/100g,1.1,100g,False,,,,,,,unknown,unknown,unsupported,unknown,,100g,1.1013215859030838,,,,,,,,,
2026-09-19,pasta,No Frills Canada,White Cheddar Macaroni & Cheese,https://www.nofrills.ca/en/white-cheddar-macaroni-cheese/p/21549555_EA,175 g,175.0,g,2.29,$1.31/100g,1.31,100g,False,,,,,,,unknown,unknown,unsupported,unknown,,100g,1.3085714285714285,,,,,,,,,
2026-09-19,bananas,No Frills Canada,Gerber Stage 2 Rice Banana Baby Cereal,https://www.nofrills.ca/en/gerber-stage-2-rice-banana-baby-cereal/p/20574110001_EA,227 g,227.0,g,4.5,$1.98/100g,1.98,100g,False,,,,,,,unknown,unknown,unsupported,unknown,,100g,1.9823788546255507,,,,,,,,,
2026-09-19,bananas,No Frills Canada,Gerber Stage 2 Wheat Banana Strawberry Baby Cereal,https://www.nofrills.ca/en/gerber-stage-2-wheat-banana-strawberry-baby-cereal/p/20962127_EA,227 g,227.0,g,4.5,$1.98/100g,1.98,100g,False,,,,,,,unknown,unknown,unsupported,unknown,,100g,1.9823788546255507,,,,,,,,,
2026-09-19,bananas,No Frills Canada,Gerber Stage 3 Multigrain Yogurt Apple Pear Banana Baby Cereal,https://www.nofrills.ca/en/gerber-stage-3-multigrain-yogurt-apple-pear-banana/p/20358339002_EA,227 g,227.0,g,4.5,$1.98/100g,1.98,100g,False,,,,,,,unknown,unknown,unsupported,unknown,,100g,1.9823788546255507,,,,,,,,,
2026-09-19,bananas,No Frills Canada,Gerber Stage 3 Oat Banana Mango Baby Cereal,https://www.nofrills.ca/en/gerber-stage-3-oat-banana-mango-baby-cereal/p/21024946_EA,227 g,227.0,g,4.5,$1.98/100g,1.98,100g,False,,,,,,,unknown,unknown,unsupported,unknown,,100g,1.9823788546255507,,,,,,,,,
2026-09-19,apples,No Frills Canada,Apple Juice Carton,https://www.nofrills.ca/en/apple-juice-carton/p/20336726001_EA,1 l,1.0,l,2.0,$0.20/100ml,0.2,100ml,False,,,,,,,unknown,unknown,unsupported,unknown,,1L,2.0,,,,,,,,,
2026-09-19,chicken breast,No Frills Canada,Spicy Chicken Burgers,https://www.nofrills.ca/en/spicy-chicken-burgers/p/21741185_EA,600 g,600.0,g,12.99,$2.17/100g,2.17,100g,False,,,,,,,unknown,unknown,unsupported,unknown,,100g,2.165,,,,,,,,,
2026-09-19,bananas,No Frills Canada,"Gerber Organic Wheat & Wholegrain Oat Banana, Baby Cereal",https://www.nofrills.ca/en/gerber-organic-wheat-wholegrain-oat-banana-baby-ce/p/21121781_EA,208 g,208.0,g,5.99,$2.88/100g,2.88,100g,False,,,,,,,unknown,unknown,unsupported,unknown,,100g,2.879807692307692,,,,,,,,,
2026-09-19,bananas,No Frills Canada,Gerber Organic Wheat & Wholegrain Oatmeal Banana Raspberry Cereal,https://www.nofrills.ca/en/gerber-organic-wheat-wholegrain-oatmeal-banana-ras/p/21181661_EA,208 g,208.0,g,5.99,$2.88/100g,2.88,100g,False,,,,,,,unknown,unknown,unsupported,unknown,,100g,2.879807692307692,,,,,,,,,
2026-09-19,cheese,No Frills Canada,Dairy Free Cheddar Cheese Shreds,https://www.nofrills.ca/en/dairy-free-cheddar-cheese-shreds/p/21592030_EA,200 g,200.0,g,6.0,$3.00/100g,3.0,100g,False,,,,,,,unknown,unknown,unsupported,shredded,dairy_free,100g,3.0,,,,,,,,,
2026-09-19,pasta,No Frills Canada,Dairy Free Mozzarella Cheese Shreds,https://www.nofrills.ca/en/dairy-free-mozzarella-cheese-shreds/p/21591969_EA,200 g,200.0,g,6.0,$3.00/100g,3.0,100g,False,,,,,,,unknown,unknown,unsupported,shredded,dairy_free,100g,3.0,,,,,,,,,
2026-09-19,cheese,No Frills Canada,Dairy Free Cheddar Cheese Slices,https://www.nofrills.ca/en/dairy-free-cheddar-cheese-slices/p/21339330_EA,200 g,200.0,g,6.29,$3.15/100g,3.15,100g,False,,,,,,,unknown,unknown,unsupported,sliced,dairy_free,100g,3.145,,,,,,,,,
2026-09-19,cheese,No Frills Canada,Dairy Free Mature Cheddar Cheese Slices,https://www.nofrills.ca/en/dairy-free-mature-cheddar-cheese-slices/p/21339319_EA,200 g,200.0,g,6.29,$3.15/100g,3.15,100g,False,,,,,,,unknown,unknown,unsupported,sliced,dairy_free,100g,3.145,,,,,,,,,
2026-09-19,cheese,No Frills Canada,Dairy Free Smoked Provolone Slices,https://www.nofrills.ca/en/dairy-free-smoked-provolone-slices/p/21339317_EA,200 g,200.0,g,6.29,$3.15/100g,3.15,100g,False,,,,,,,unknown,unknown,unsupported,unknown,,100g,3.145,,,,,,,,,
2026-09-19,chicken breast,No Frills Canada,"Tex Mex, Gluten-Free One Step Seasoning Signature Blends",https://www.nofrills.ca/en/tex-mex-gluten-free-one-step-seasoning-signature-b/p/20301395002_EA,136 g,136.0,g,6.5,$4.78/100g,4.78,100g,False,,,,,,,unknown,unknown,unsupported,unknown,,100g,4.779411764705882,,,,,,,,,
2026-09-19,apples,No Frills Canada,Gerber Lil’ Crunchies Veggie Dip Flavour Toddler Snacks,https://www.nofrills.ca/en/gerber-lil-crunchies-veggie-dip-flavour-toddler-sn/p/20304618001_EA,42 g,42.0,g,3.0,$7.14/100g,7.14,100g,False,,,,,,,unknown,unknown,unsupported,unknown,,100g,7.142857142857142,,,,,,,,,
2026-09-19,bananas,No Frills Canada,"Gerber Puffs, Banana Flavour, Snack for Babies 8 Mo & Up",https://www.nofrills.ca/en/gerber-puffs-banana-flavour-snack-for-babies-8-mo/p/20304618002_EA,42 g,42.0,g,3.0,$7.14/100g,7.14,100g,False,,,,,,,unknown,unknown,unsupported,unknown,,100g,7.142857142857142,,,,,,,,,
2026-09-20,eggs,Sobeys Canada,Spring Creek Quail Farms Farms Fresh Quail Eggs Value Size 18 Count,https://www.sobeys.com/products/spring-creek-quail-farms-farms-fresh-quail-eggs-value-size-18-count,18 EA ($0.22 per EA),18.0,count,3.99,$0.22 per EA,0.22,1unit,False,sale,3.99,4.79,,,,unknown,unknown,unsupported,unknown,,1unit,0.2216666666666666,,,in_stock,838249.0,"Sobeys Urban Fresh Spadina — 22 Fort York Boulevard, Toronto, ON M5V 3Z2","$3.99
$4.79
SAVE
80¢",,,
2026-09-20,eggs,Sobeys Canada,Burnbrae Farms Eggs2Go Omega 3 Eggs Hard Boiled & Peeled 6 Count,https://www.sobeys.com/products/burnbrae-farms-eggs2go-omega-3-eggs-hard-boiled---peeled-6-count,6 EA ($0.83 per EA),6.0,count,4.99,$0.83 per EA,0.83,1unit,False,sale,4.99,6.29,,,,unknown,unknown,unsupported,unknown,,1unit,0.8316666666666667,,,in_stock,937733.0,"Sobeys Urban Fresh Spadina — 22 Fort York Boulevard, Toronto, ON M5V 3Z2","$4.99
$6.29
SAVE
$1.30",,,
2026-09-20,eggs,Sobeys Canada,Spring Creek Quail Farms Duck Eggs Free Run 6 Count,https://www.sobeys.com/products/spring-creek-quail-farms-duck-eggs-free-run-6-count,6 EA ($0.88 per EA),6.0,count,5.29,$0.88 per EA,0.88,1unit,False,sale,5.29,5.79,,,,unknown,unknown,unsupported,unknown,,1unit,0.8816666666666667,,,in_stock,545172.0,"Sobeys Urban Fresh Spadina — 22 Fort York Boulevard, Toronto, ON M5V 3Z2","$5.29
$5.79
SAVE
50¢",,,
2026-09-20,bread,Sobeys Canada,Compliments Garlic Bread 284 g (frozen),https://www.sobeys.com/products/compliments-garlic-bread-284-g-(frozen),284 G ($1.58 per 100g),284.0,g,4.49,$1.58 per 100g,1.58,100g,False,sale,4.49,4.69,,,,unknown,unknown,unsupported,unknown,,100g,1.580985915492958,,,in_stock,850103.0,"Sobeys Urban Fresh Spadina — 22 Fort York Boulevard, Toronto, ON M5V 3Z2","$4.49
$4.69
SAVE
20¢",,,Buy 2 and get 150 PTS
2026-09-20,bananas,Sobeys Canada,Banana Yogurt Bowl,https://www.sobeys.com/products/banana-yogurt-bowl,0.29 KG ($1.20 per 100g),,,15.98,$15.98/kg,15.98,kg,True,sale,15.98,,,,,unknown,unknown,unsupported,unknown,,100g,1.598,,,out_of_stock,338399.0,"Sobeys Urban Fresh Spadina — 22 Fort York Boulevard, Toronto, ON M5V 3Z2",$15.98/kg,,,Buy 1 and get 1 at 25% off
2026-09-20,bananas,Sobeys Canada,Banana Greek Yogurt Bowl,https://www.sobeys.com/products/banana-greek-yogurt-bowl,0.3 KG ($1.26 per 100g),,,16.83,$16.83/kg,16.83,kg,True,sale,16.83,,,,,unknown,unknown,unsupported,unknown,,100g,1.6829999999999998,,,in_stock,394702.0,"Sobeys Urban Fresh Spadina — 22 Fort York Boulevard, Toronto, ON M5V 3Z2",$16.83/kg,,,Buy 1 and get 1 at 25% off
2026-09-20,pasta,Sobeys Canada,NuPasta Gluten-Free Pasta Konjac Fettucine 210 g,https://www.sobeys.com/products/nupasta-gluten-free-pasta-konjac-fettucine-210-g,210 G ($2.38 per 100g),210.0,g,4.99,$2.38 per 100g,2.38,100g,False,,,,,,,unknown,unknown,unsupported,unknown,,100g,2.376190476190476,,,in_stock,493689.0,"Sobeys Urban Fresh Spadina — 22 Fort York Boulevard, Toronto, ON M5V 3Z2",$4.99,,,
2026-09-20,chicken breast,Sobeys Canada,Chicken Breast Boneless Mumbai,https://www.sobeys.com/products/chicken-breast-boneless-mumbai-,0.3 KG ($2.49 per 100g),,,24.89,$24.89/kg,24.89,kg,True,,,,,,,unknown,unknown,unsupported,unknown,,100g,2.489,,,in_stock,393362.0,"Sobeys Urban Fresh Spadina — 22 Fort York Boulevard, Toronto, ON M5V 3Z2",$24.89/kg,,,
2026-09-20,chicken breast,Sobeys Canada,Honey Garlic Boneless Chicken Breast,https://www.sobeys.com/products/honey-garlic-boneless-chicken-breast,0.35 KG ($2.49 per 100g),,,24.89,$24.89/kg,24.89,kg,True,,,,,,,unknown,unknown,unsupported,unknown,,100g,2.489,,,in_stock,352162.0,"Sobeys Urban Fresh Spadina — 22 Fort York Boulevard, Toronto, ON M5V 3Z2",$24.89/kg,,,
2026-09-20,chicken breast,Sobeys Canada,Mumbai Chicken Breast Boneless Skinless,https://www.sobeys.com/products/mumbai-chicken-breast-boneless-skinless-,0.35 KG ($2.49 per 100g),,,24.89,$24.89/kg,24.89,kg,True,,,,,,,unknown,unknown,unsupported,unknown,,100g,2.489,,,in_stock,393185.0,"Sobeys Urban Fresh Spadina — 22 Fort York Boulevard, Toronto, ON M5V 3Z2",$24.89/kg,,,
2026-09-20,chicken breast,Sobeys Canada,Chicken Breast Stir-Fry Boneless Skinless,https://www.sobeys.com/products/chicken-breast-stir-fry-boneless-skinless-,0.34 KG ($2.71 per 100g),,,27.09,$27.09/kg,27.09,kg,True,,,,,,,unknown,unknown,unsupported,unknown,,100g,2.709,,,in_stock,136652.0,"Sobeys Urban Fresh Spadina — 22 Fort York Boulevard, Toronto, ON M5V 3Z2",$27.09/kg,,,
2026-09-20,chicken breast,Sobeys Canada,Compliments Chicken Breast Roast Cooked,https://www.sobeys.com/products/compliments-chicken-breast-roast-cooked-,0.26 KG ($3.49 per 100g),,,34.9,$34.90/kg,34.9,kg,True,sale,34.9,37.9,,,,unknown,unknown,unsupported,unknown,,100g,3.49,,,out_of_stock,454488.0,"Sobeys Urban Fresh Spadina — 22 Fort York Boulevard, Toronto, ON M5V 3Z2","$34.90/kg
$37.90/kg
SAVE
$3.00/kg",,,
2026-09-20,bread,Sobeys Canada,Promise Gluten-Free Brioche Hamburger Buns 260 g,https://www.sobeys.com/products/promise-gluten-free-brioche-hamburger-buns-260-g,260 G ($3.77 per 100g),260.0,g,9.79,$3.77 per 100g,3.77,100g,False,,,,,,,unknown,unknown,unsupported,unknown,,100g,3.765384615384615,,,in_stock,965492.0,"Sobeys Urban Fresh Spadina — 22 Fort York Boulevard, Toronto, ON M5V 3Z2",$9.79,,,
2026-09-20,bananas,Sobeys Canada,Oasis Lactose Free Smoothie Strawberry Banana 1.6 L,https://www.sobeys.com/products/oasis-lactose-free-smoothie-strawberry-banana-1%2E6-l,1600 ML ($0.44 per 100ml),1600.0,ml,6.99,$0.44 per 100ml,0.44,100ml,False,,,,,,,unknown,unknown,unsupported,unknown,,1L,4.3687499999999995,,,in_stock,15227.0,"Sobeys Urban Fresh Spadina — 22 Fort York Boulevard, Toronto, ON M5V 3Z2",$6.99,,,
2026-09-20,chicken breast,Sobeys Canada,Piller's Smoked Chicken Breast Slices 125 g,https://www.sobeys.com/products/piller-s-smoked-chicken-breast-slices-125-g,125 G ($5.83 per 100g),125.0,g,7.29,$5.83 per 100g,5.83,100g,False,,,,,,,unknown,unknown,unsupported,unknown,,100g,5.832,,,in_stock,863409.0,"Sobeys Urban Fresh Spadina — 22 Fort York Boulevard, Toronto, ON M5V 3Z2",$7.29,,,
2026-09-20,bananas,Sobeys Canada,Bolthouse Farms Fruit Smoothie Green Goodness 1.54 L,https://www.sobeys.com/products/bolthouse-farms-fruit-smoothie-green-goodness-1%2E54-l,1540 ML ($0.71 per 100ml),1540.0,ml,10.99,$0.71 per 100ml,0.71,100ml,False,sale,10.99,12.99,,,,unknown,unknown,unsupported,unknown,,1L,7.136363636363637,,,in_stock,230833.0,"Sobeys Urban Fresh Spadina — 22 Fort York Boulevard, Toronto, ON M5V 3Z2","$10.99
$12.99
SAVE
$2.00",,,
2026-09-20,bananas,Sobeys Canada,Bolthouse Farms Fruit Smoothie Strawberry Banana 1.54 L,https://www.sobeys.com/products/bolthouse-farms-fruit-smoothie-strawberry-banana-1%2E54-l,1540 ML ($0.71 per 100ml),1540.0,ml,10.99,$0.71 per 100ml,0.71,100ml,False,sale,10.99,12.99,,,,unknown,unknown,unsupported,unknown,,1L,7.136363636363637,,,in_stock,271926.0,"Sobeys Urban Fresh Spadina — 22 Fort York Boulevard, Toronto, ON M5V 3Z2","$10.99
$12.99
SAVE
$2.00",,,
2026-09-20,bananas,Sobeys Canada,Tradition Smooth Strawberry Banana 950 ml,https://www.sobeys.com/products/tradition--smooth-strawberry-banana-950-ml,950 ML ($1.05 per 100ml),950.0,ml,6.99,$1.05 per 100ml,1.05,100ml,False,multi-buy,5.0,,2.0,5.0,6.99,unknown,unknown,unsupported,unknown,,1L,7.3578947368421055,,,in_stock,1378585.0,"Sobeys Urban Fresh Spadina — 22 Fort York Boulevard, Toronto, ON M5V 3Z2",$6.99,,,Buy 2 for $10
2026-09-20,bananas,Sobeys Canada,Bolthouse Farms Fruit Smoothie Strawberry Banana 946 ml,https://www.sobeys.com/products/bolthouse-farms-fruit-smoothie-strawberry-banana-946-ml-,946 ML ($0.98 per 100ml),946.0,ml,9.29,$0.98 per 100ml,0.98,100ml,False,,,,,,,unknown,unknown,unsupported,unknown,,1L,9.82029598308668,,,in_stock,220378.0,"Sobeys Urban Fresh Spadina — 22 Fort York Boulevard, Toronto, ON M5V 3Z2",$9.29,,,
2026-09-20,bananas,Sobeys Canada,Naked Juice Smoothie Strawberry Banana 450 ml,https://www.sobeys.com/products/naked-juice-smoothie-strawberry-banana-450-ml,450 ML ($1.33 per 100ml),450.0,ml,5.99,$1.33 per 100ml,1.33,100ml,False,,,,,,,unknown,unknown,unsupported,unknown,,1L,13.311111111111112,,,out_of_stock,344133.0,"Sobeys Urban Fresh Spadina — 22 Fort York Boulevard, Toronto, ON M5V 3Z2",$5.99,,,
2026-09-20,bananas,Sobeys Canada,Bolthouse Farms Fruit Smoothie Strawberry Banana 450 ml,https://www.sobeys.com/products/bolthouse-farms-fruit-smoothie-strawberry-banana-450-ml,450 ML ($1.55 per 100ml),450.0,ml,6.99,$1.55 per 100ml,1.55,100ml,False,,,,,,,unknown,unknown,unsupported,unknown,,1L,15.533333333333331,,,in_stock,458043.0,"Sobeys Urban Fresh Spadina — 22 Fort York Boulevard, Toronto, ON M5V 3Z2",$6.99,,,
2026-09-20,bananas,Sobeys Canada,Bolthouse Farms Juice Berry Boost 450 ml,https://www.sobeys.com/products/bolthouse-farms-juice-berry-boost-450-ml,450 ML ($1.55 per 100ml),450.0,ml,6.99,$1.55 per 100ml,1.55,100ml,False,,,,,,,unknown,unknown,unsupported,unknown,,1L,15.533333333333331,,,in_stock,458048.0,"Sobeys Urban Fresh Spadina — 22 Fort York Boulevard, Toronto, ON M5V 3Z2",$6.99,,,
2026-09-18,bread,Walmart Canada,"Wonder Ball Park Classic Hamburger Buns, No Artificial Flavours or Colours, 8 Count, 560 g",https://www.walmart.ca/en/ip/wonder-ball-park-classic-hamburger-buns-no-artificial-flavours-or-colours-8-count-560-g/6000196993538,560 g,560.0,g,3.87,,,,False,,,,,,,unknown,unknown,unsupported,unknown,,100g,0.6910714285714286,,,,,,,,,
2026-09-18,chicken breast,Walmart Canada,"GV Fully Cooked Chicken Breast Strips, 700g",https://www.walmart.ca/en/ip/GV-Fully-Cooked-Chicken-Breast-Strips-700g/3Q7PL6AXT7AD,700g,700.0,g,9.98,$1.43/100g,1.43,100g,False,,,,,,,unknown,unknown,unsupported,unknown,,100g,1.4257142857142855,,,,,,,,,
2026-09-18,cheese,Walmart Canada,Daiya Dairy Free Cheddar Cheese Shreds,https://www.walmart.ca/en/ip/daiya-dairy-free-cheddar-cheese-shreds/6000202560794,,,,4.88,$2.44/100g,2.44,100g,False,,,,,,,unknown,unknown,unsupported,shredded,dairy_free,100g,2.44,,,,,,,,,
2026-09-18,cheese,Walmart Canada,Daiya Dairy Free Cheddar Cheese Slices,https://www.walmart.ca/en/ip/daiya-dairy-free-cheddar-cheese-slices/6000203812748,,,,4.88,$2.44/100g,2.44,100g,False,,,,,,,unknown,unknown,unsupported,sliced,dairy_free,100g,2.44,,,,,,,,,
2026-09-18,cheese,Walmart Canada,Daiya Dairy Free Mexican Blend Cheese Shreds,https://www.walmart.ca/en/ip/daiya-dairy-free-mexican-blend-cheese-shreds/6000203811296,,,,4.88,$2.44/100g,2.44,100g,False,,,,,,,unknown,unknown,unsupported,shredded,dairy_free,100g,2.44,,,,,,,,,
2026-09-18,cheese,Walmart Canada,Daiya Dairy Free Mozzarella Cheese Shreds,https://www.walmart.ca/en/ip/daiya-dairy-free-mozzarella-cheese-shreds/6000202561304,,,,4.88,$2.44/100g,2.44,100g,False,,,,,,,unknown,unknown,unsupported,shredded,dairy_free,100g,2.44,,,,,,,,,
2026-09-18,chicken breast,Walmart Canada,"Gardein® Suprême™ Chick'n Buffalo Wings 419 g, PINNACLE FOODS GR SUP CKN WNG BFL",https://www.walmart.ca/en/ip/Gardein-Supr-me-Chick-n-Buffalo-Wings-419-g-PINNACLE-FOODS-GR-SUP-CKN-WNG-BFL/75YPX8RDQYPS,419 g,419.0,g,10.47,$2.50/100g,2.5,100g,False,,,,,,,unknown,unknown,unsupported,unknown,,100g,2.498806682577566,,,,,,,,,
